internal_record_id,functional_record_id,head_individual_id,head_name,headship_type,size_total,size_adults,size_children_u5,size_school_age,size_elderly,number_of_female_members,number_of_male_members,country,region,district,ward,village,latitude,longitude,altitude,plus_code,address_line_1,address_line_2,postal_code,country_code,dwelling_type,roof_material,wall_material,floor_material,tenure_status,water_source_type,water_distance_minutes,sanitation_type,lighting_source,cooking_fuel_type,assets,programs,score_type,score_definition_id,triggered_by_cr_id,triggered_by_submission_id,computed_score,computed_at
h001,HH-0001,i0001,Lance Hoffman,MALE_HEADED,3,3,0,0,0,2,1,kamuntu,jasiri,baraka,umani,bimaka,13.5559,71.496,158,35AB+14,65423 Garcia Light,Sector 2,000001,KM,PERMANENT,TARPAULIN,MUD_BRICK,EARTH,OWNED,WELL,23,SHARED,GRID,GAS,"[{""asset_type"": ""PRODUCTIVE"", ""asset_category"": ""Sewing Machine"", ""quantity"": 5, ""size_value"": null, ""size_unit"": null, ""size_band"": null, ""details"": null}, {""asset_type"": ""CONSUMER_DURABLE"", ""asset_category"": ""Mobile Phone"", ""quantity"": 4, ""size_value"": null, ""size_unit"": null, ""size_band"": null, ""details"": ""{\""condition\"": \""working\""}""}, {""asset_type"": ""VEHICLE"", ""asset_category"": ""Car"", ""quantity"": 3, ""size_value"": null, ""size_unit"": null, ""size_band"": null, ""details"": null}, {""asset_type"": ""VEHICLE"", ""asset_category"": ""Motorcycle"", ""quantity"": 4, ""size_value"": null, ""size_unit"": null, ""size_band"": null, ""details"": ""{\""condition\"": \""working\""}""}, {""asset_type"": ""PRODUCTIVE"", ""asset_category"": ""Water Pump"", ""quantity"": 4, ""size_value"": null, ""size_unit"": null, ""size_band"": null, ""details"": null}]","[{""program_name"": ""PROG_HH_NUTRITION"", ""program_start_date"": ""2023-11-08"", ""program_exit_date"": null}]",POVERTY,e0000000-0000-4000-8000-000000000001,cr0001,,2.75,2026-04-01 10:00:01
h002,HH-0002,i0004,Monica Martin,FEMALE_HEADED,5,5,0,0,0,3,2,kamuntu,chakula,rafiki,uhuruumeme,biluju,17.1602,69.1584,68,71AB+91,8350 Lydia Valley Suite 641,Sector 5,000004,KM,SEMI_PERMANENT,TILE,MUD_BRICK,CEMENT,OWNED,PIPED,23,PIT_LATRINE,GRID,CHARCOAL,[],[],POVERTY,e0000000-0000-4000-8000-000000000001,cr0002,,1.84,2026-04-01 10:00:02
h003,HH-0003,i0009,Pamela Anderson,FEMALE_HEADED,5,3,1,1,0,1,4,kamuntu,kilima,pembe,upande,bigeu,14.0239,66.0479,185,40AB+60,248 Brandt Plains Apt. 465,Sector 1,000009,KM,SEMI_PERMANENT,TILE,BAMBOO,EARTH,OWNED,WELL,20,SHARED,SOLAR,OTHER,"[{""asset_type"": ""CONSUMER_DURABLE"", ""asset_category"": ""Television"", ""quantity"": 3, ""size_value"": null, ""size_unit"": null, ""size_band"": null, ""details"": ""{\""condition\"": \""working\""}""}, {""asset_type"": ""PRODUCTIVE"", ""asset_category"": ""Plough"", ""quantity"": 2, ""size_value"": null, ""size_unit"": null, ""size_band"": null, ""details"": ""{\""condition\"": \""working\""}""}, {""asset_type"": ""VEHICLE"", ""asset_category"": ""Car"", ""quantity"": 1, ""size_value"": null, ""size_unit"": null, ""size_band"": null, ""details"": null}, {""asset_type"": ""CONSUMER_DURABLE"", ""asset_category"": ""Refrigerator"", ""quantity"": 1, ""size_value"": null, ""size_unit"": null, ""size_band"": null, ""details"": null}]",[],POVERTY,e0000000-0000-4000-8000-000000000001,cr0003,,2.68,2026-04-01 10:00:03
h004,HH-0004,i0014,Javier John Ramirez,MALE_HEADED,3,3,0,0,0,1,2,kamuntu,chakula,njia,wingu,bilufu,17.8385,67.8407,98,78AB+78,80132 Tucker Forest,Sector 6,000014,KM,TEMPORARY,TILE,STONE,CEMENT,OWNED,WELL,38,FLUSH_TOILET,GRID,CHARCOAL,"[{""asset_type"": ""CONSUMER_DURABLE"", ""asset_category"": ""Television"", ""quantity"": 4, ""size_value"": null, ""size_unit"": null, ""size_band"": null, ""details"": ""{\""condition\"": \""working\""}""}, {""asset_type"": ""PRODUCTIVE"", ""asset_category"": ""Plough"", ""quantity"": 3, ""size_value"": null, ""size_unit"": null, ""size_band"": null, ""details"": null}]",[],POVERTY,e0000000-0000-4000-8000-000000000001,cr0004,,1.31,2026-04-01 10:00:04
h005,HH-0005,i0017,Anthony Woods,MALE_HEADED,3,2,0,1,1,1,2,kamuntu,kilima,pembe,wingi,bieke,12.8714,71.8901,65,28AB+18,136 Shelly Port,Sector 9,000017,KM,PERMANENT,TARPAULIN,BAMBOO,EARTH,RENTED,PUBLIC_TAP,41,SHARED,SOLAR,ELECTRICITY,"[{""asset_type"": ""VEHICLE"", ""asset_category"": ""Motorcycle"", ""quantity"": 4, ""size_value"": null, ""size_unit"": null, ""size_band"": null, ""details"": ""{\""condition\"": \""working\""}""}, {""asset_type"": ""VEHICLE"", ""asset_category"": ""Motorcycle"", ""quantity"": 2, ""size_value"": null, ""size_unit"": null, ""size_band"": null, ""details"": ""{\""condition\"": \""working\""}""}, {""asset_type"": ""VEHICLE"", ""asset_category"": ""Bicycle"", ""quantity"": 3, ""size_value"": null, ""size_unit"": null, ""size_band"": null, ""details"": null}, {""asset_type"": ""VEHICLE"", ""asset_category"": ""Motorcycle"", ""quantity"": 5, ""size_value"": null, ""size_unit"": null, ""size_band"": null, ""details"": ""{\""condition\"": \""working\""}""}, {""asset_type"": ""CONSUMER_DURABLE"", ""asset_category"": ""Refrigerator"", ""quantity"": 3, ""size_value"": null, ""size_unit"": null, ""size_band"": null, ""details"": ""{\""condition\"": \""working\""}""}]",[],POVERTY,e0000000-0000-4000-8000-000000000001,cr0005,,3.39,2026-04-01 10:00:05
h006,HH-0006,i0020,Jacob Moore,MALE_HEADED,3,3,0,0,1,1,2,kamuntu,jasiri,ndoto,habari,biluzo,12.4657,68.4565,130,24AB+84,808 Huynh Cove Apt. 411,Sector 3,000020,KM,TEMPORARY,THATCH,BAMBOO,CEMENT,HOSTED,PUBLIC_TAP,32,FLUSH_TOILET,KEROSENE,GAS,"[{""asset_type"": ""VEHICLE"", ""asset_category"": ""Bicycle"", ""quantity"": 3, ""size_value"": null, ""size_unit"": null, ""size_band"": null, ""details"": null}, {""asset_type"": ""CONSUMER_DURABLE"", ""asset_category"": ""Mobile Phone"", ""quantity"": 5, ""size_value"": null, ""size_unit"": null, ""size_band"": null, ""details"": ""{\""condition\"": \""working\""}""}]","[{""program_name"": ""PROG_HH_NUTRITION"", ""program_start_date"": ""2025-02-20"", ""program_exit_date"": null}]",POVERTY,e0000000-0000-4000-8000-000000000001,cr0006,,2.87,2026-04-01 10:00:06
h007,HH-0007,i0023,Kevin Hernandez,MALE_HEADED,7,5,2,0,0,4,3,kamuntu,faraja,tunza,kuitwa,bilova,17.8664,71.929,240,78AB+19,31586 Sara Freeway Apt. 260,Sector 6,000023,KM,PERMANENT,TILE,MUD_BRICK,TILE,RENTED,PUBLIC_TAP,43,SHARED,KEROSENE,FIREWOOD,"[{""asset_type"": ""VEHICLE"", ""asset_category"": ""Motorcycle"", ""quantity"": 4, ""size_value"": null, ""size_unit"": null, ""size_band"": null, ""details"": null}, {""asset_type"": ""CONSUMER_DURABLE"", ""asset_category"": ""Mobile Phone"", ""quantity"": 4, ""size_value"": null, ""size_unit"": null, ""size_band"": null, ""details"": null}, {""asset_type"": ""CONSUMER_DURABLE"", ""asset_category"": ""Refrigerator"", ""quantity"": 2, ""size_value"": null, ""size_unit"": null, ""size_band"": null, ""details"": null}, {""asset_type"": ""VEHICLE"", ""asset_category"": ""Car"", ""quantity"": 1, ""size_value"": null, ""size_unit"": null, ""size_band"": null, ""details"": null}, {""asset_type"": ""VEHICLE"", ""asset_category"": ""Motorcycle"", ""quantity"": 4, ""size_value"": null, ""size_unit"": null, ""size_band"": null, ""details"": null}]","[{""program_name"": ""PROG_HH_NUTRITION"", ""program_start_date"": ""2023-02-17"", ""program_exit_date"": null}]",POVERTY,e0000000-0000-4000-8000-000000000001,cr0007,,2.95,2026-04-01 10:00:07
h008,HH-0008,i0030,Megan Dixon,FEMALE_HEADED,5,4,0,1,0,3,2,kamuntu,faraja,tunza,kufa,bilosi,10.3015,69.387,95,03AB+93,34332 Brandon Mountains Apt. 769,Sector 4,000030,KM,PERMANENT,TARPAULIN,BAMBOO,EARTH,OWNED,WELL,29,FLUSH_TOILET,GRID,GAS,[],"[{""program_name"": ""PROG_HH_LIVELIHOOD"", ""program_start_date"": ""2023-07-10"", ""program_exit_date"": null}, {""program_name"": ""PROG_HH_NUTRITION"", ""program_start_date"": ""2023-11-26"", ""program_exit_date"": null}]",POVERTY,e0000000-0000-4000-8000-000000000001,cr0008,,4.91,2026-04-01 10:00:08
h009,HH-0009,i0035,Jennifer Clark,FEMALE_HEADED,3,3,0,0,0,2,1,kamuntu,jasiri,baraka,safari,bimaqa,14.9307,71.8647,61,49AB+18,670 Evans Loaf,Sector 9,000035,KM,TEMPORARY,METAL_SHEET,MUD_BRICK,CEMENT,OWNED,WELL,18,FLUSH_TOILET,SOLAR,GAS,"[{""asset_type"": ""CONSUMER_DURABLE"", ""asset_category"": ""Mobile Phone"", ""quantity"": 3, ""size_value"": null, ""size_unit"": null, ""size_band"": null, ""details"": null}]",[],POVERTY,e0000000-0000-4000-8000-000000000001,cr0009,,1.9,2026-04-01 10:00:09
h010,HH-0010,i0038,Debbie Murphy,FEMALE_HEADED,7,6,0,1,0,3,4,kamuntu,faraja,tunza,kuitwa,bilovi,12.885,67.9152,265,28AB+79,5646 Conley Mountains Apt. 805,Sector 3,000038,KM,PERMANENT,METAL_SHEET,BRICK,CEMENT,HOSTED,SPRING,30,PIT_LATRINE,SOLAR,ELECTRICITY,[],[],POVERTY,e0000000-0000-4000-8000-000000000001,cr0010,,3.2,2026-04-01 10:00:10
h011,HH-0011,i0045,Anna Walker,FEMALE_HEADED,3,3,0,0,0,2,1,kamuntu,chakula,makali,sura,biluqu,12.4997,66.4602,225,24AB+64,9578 Coleman Summit,Sector 1,000045,KM,PERMANENT,THATCH,STONE,TILE,HOSTED,SPRING,17,SHARED,SOLAR,FIREWOOD,"[{""asset_type"": ""CONSUMER_DURABLE"", ""asset_category"": ""Radio"", ""quantity"": 2, ""size_value"": null, ""size_unit"": null, ""size_band"": null, ""details"": ""{\""condition\"": \""working\""}""}, {""asset_type"": ""PRODUCTIVE"", ""asset_category"": ""Water Pump"", ""quantity"": 2, ""size_value"": null, ""size_unit"": null, ""size_band"": null, ""details"": ""{\""condition\"": \""working\""}""}, {""asset_type"": ""VEHICLE"", ""asset_category"": ""Motorcycle"", ""quantity"": 3, ""size_value"": null, ""size_unit"": null, ""size_band"": null, ""details"": null}, {""asset_type"": ""CONSUMER_DURABLE"", ""asset_category"": ""Radio"", ""quantity"": 5, ""size_value"": null, ""size_unit"": null, ""size_band"": null, ""details"": null}, {""asset_type"": ""CONSUMER_DURABLE"", ""asset_category"": ""Mobile Phone"", ""quantity"": 2, ""size_value"": null, ""size_unit"": null, ""size_band"": null, ""details"": ""{\""condition\"": \""working\""}""}]","[{""program_name"": ""PROG_HH_SAFETY_NET"", ""program_start_date"": ""2023-04-18"", ""program_exit_date"": null}]",POVERTY,e0000000-0000-4000-8000-000000000001,cr0011,,3.57,2026-04-01 10:00:11
h012,HH-0012,i0048,Melissa Hernandez,FEMALE_HEADED,7,4,1,2,0,3,4,kamuntu,faraja,sihaya,kusoma,bicha,14.758,65.7896,275,47AB+57,31869 Kimberly Light Suite 749,Sector 4,000048,KM,TEMPORARY,METAL_SHEET,BAMBOO,EARTH,HOSTED,SPRING,20,SHARED,SOLAR,ELECTRICITY,"[{""asset_type"": ""PRODUCTIVE"", ""asset_category"": ""Water Pump"", ""quantity"": 5, ""size_value"": null, ""size_unit"": null, ""size_band"": null, ""details"": ""{\""condition\"": \""working\""}""}, {""asset_type"": ""CONSUMER_DURABLE"", ""asset_category"": ""Television"", ""quantity"": 4, ""size_value"": null, ""size_unit"": null, ""size_band"": null, ""details"": ""{\""condition\"": \""working\""}""}, {""asset_type"": ""PRODUCTIVE"", ""asset_category"": ""Water Pump"", ""quantity"": 4, ""size_value"": null, ""size_unit"": null, ""size_band"": null, ""details"": null}, {""asset_type"": ""PRODUCTIVE"", ""asset_category"": ""Water Pump"", ""quantity"": 5, ""size_value"": null, ""size_unit"": null, ""size_band"": null, ""details"": null}]","[{""program_name"": ""PROG_HH_LIVELIHOOD"", ""program_start_date"": ""2024-06-15"", ""program_exit_date"": null}, {""program_name"": ""PROG_HH_NUTRITION"", ""program_start_date"": ""2023-07-21"", ""program_exit_date"": null}]",POVERTY,e0000000-0000-4000-8000-000000000001,cr0012,,3.73,2026-04-01 10:00:12
h013,HH-0013,i0055,Brandon King,MALE_HEADED,6,4,0,2,0,2,4,kamuntu,faraja,tunza,kuwasha,bilkua,11.2752,68.3411,292,12AB+83,876 Jacob Lake,Sector 2,000055,KM,PERMANENT,THATCH,STONE,EARTH,HOSTED,SPRING,43,FLUSH_TOILET,GRID,OTHER,"[{""asset_type"": ""VEHICLE"", ""asset_category"": ""Bicycle"", ""quantity"": 4, ""size_value"": null, ""size_unit"": null, ""size_band"": null, ""details"": null}]",[],POVERTY,e0000000-0000-4000-8000-000000000001,cr0013,,1.14,2026-04-01 10:00:13
h014,HH-0014,i0061,Kelly Bryant,FEMALE_HEADED,5,5,0,0,0,3,2,kamuntu,faraja,tunza,kuwasha,billah,10.0491,65.1362,264,00AB+51,2174 Hanson Locks,Sector 8,000061,KM,TEMPORARY,TILE,STONE,TILE,OWNED,SPRING,7,PIT_LATRINE,SOLAR,CHARCOAL,"[{""asset_type"": ""VEHICLE"", ""asset_category"": ""Car"", ""quantity"": 5, ""size_value"": null, ""size_unit"": null, ""size_band"": null, ""details"": null}, {""asset_type"": ""PRODUCTIVE"", ""asset_category"": ""Sewing Machine"", ""quantity"": 4, ""size_value"": null, ""size_unit"": null, ""size_band"": null, ""details"": null}, {""asset_type"": ""VEHICLE"", ""asset_category"": ""Bicycle"", ""quantity"": 2, ""size_value"": null, ""size_unit"": null, ""size_band"": null, ""details"": null}, {""asset_type"": ""CONSUMER_DURABLE"", ""asset_category"": ""Television"", ""quantity"": 5, ""size_value"": null, ""size_unit"": null, ""size_band"": null, ""details"": null}]",[],POVERTY,e0000000-0000-4000-8000-000000000001,cr0014,,1.33,2026-04-01 10:00:14
h015,HH-0015,i0066,Ryan Gonzalez,MALE_HEADED,7,7,0,0,1,5,2,kamuntu,chakula,mfumo,changa,biloxa,19.971,68.9311,53,99AB+89,594 Johnson Village Suite 409,Sector 4,000066,KM,SEMI_PERMANENT,METAL_SHEET,STONE,CEMENT,OWNED,PIPED,25,SHARED,SOLAR,CHARCOAL,"[{""asset_type"": ""PRODUCTIVE"", ""asset_category"": ""Water Pump"", ""quantity"": 3, ""size_value"": null, ""size_unit"": null, ""size_band"": null, ""details"": ""{\""condition\"": \""working\""}""}, {""asset_type"": ""PRODUCTIVE"", ""asset_category"": ""Plough"", ""quantity"": 5, ""size_value"": null, ""size_unit"": null, ""size_band"": null, ""details"": null}]",[],POVERTY,e0000000-0000-4000-8000-000000000001,cr0015,,4.68,2026-04-01 10:00:15
h016,HH-0016,i0073,Melissa Fernandez,FEMALE_HEADED,3,2,0,1,0,1,2,kamuntu,jasiri,baraka,umani,bimana,10.7717,66.7335,225,07AB+67,1796 Johnson Land,Sector 2,000073,KM,SEMI_PERMANENT,THATCH,MUD_BRICK,EARTH,OWNED,WELL,22,FLUSH_TOILET,GRID,FIREWOOD,"[{""asset_type"": ""VEHICLE"", ""asset_category"": ""Motorcycle"", ""quantity"": 2, ""size_value"": null, ""size_unit"": null, ""size_band"": null, ""details"": null}, {""asset_type"": ""CONSUMER_DURABLE"", ""asset_category"": ""Radio"", ""quantity"": 3, ""size_value"": null, ""size_unit"": null, ""size_band"": null, ""details"": null}, {""asset_type"": ""VEHICLE"", ""asset_category"": ""Bicycle"", ""quantity"": 4, ""size_value"": null, ""size_unit"": null, ""size_band"": null, ""details"": null}, {""asset_type"": ""PRODUCTIVE"", ""asset_category"": ""Water Pump"", ""quantity"": 5, ""size_value"": null, ""size_unit"": null, ""size_band"": null, ""details"": null}, {""asset_type"": ""CONSUMER_DURABLE"", ""asset_category"": ""Mobile Phone"", ""quantity"": 5, ""size_value"": null, ""size_unit"": null, ""size_band"": null, ""details"": null}]","[{""program_name"": ""PROG_HH_LIVELIHOOD"", ""program_start_date"": ""2025-07-10"", ""program_exit_date"": null}]",POVERTY,e0000000-0000-4000-8000-000000000001,cr0016,,1.43,2026-04-01 10:00:16
h017,HH-0017,i0076,William Jamie Buchanan,MALE_HEADED,7,7,0,0,2,4,3,kamuntu,jasiri,simba,tanzu,bilusi,14.0101,69.9878,90,40AB+99,90422 Lindsey Creek Apt. 205,Sector 5,000076,KM,SEMI_PERMANENT,TARPAULIN,MUD_BRICK,CEMENT,OWNED,PUBLIC_TAP,14,FLUSH_TOILET,KEROSENE,OTHER,"[{""asset_type"": ""CONSUMER_DURABLE"", ""asset_category"": ""Radio"", ""quantity"": 5, ""size_value"": null, ""size_unit"": null, ""size_band"": null, ""details"": null}, {""asset_type"": ""VEHICLE"", ""asset_category"": ""Motorcycle"", ""quantity"": 1, ""size_value"": null, ""size_unit"": null, ""size_band"": null, ""details"": null}, {""asset_type"": ""PRODUCTIVE"", ""asset_category"": ""Sewing Machine"", ""quantity"": 3, ""size_value"": null, ""size_unit"": null, ""size_band"": null, ""details"": ""{\""condition\"": \""working\""}""}, {""asset_type"": ""VEHICLE"", ""asset_category"": ""Motorcycle"", ""quantity"": 3, ""size_value"": null, ""size_unit"": null, ""size_band"": null, ""details"": null}, {""asset_type"": ""PRODUCTIVE"", ""asset_category"": ""Water Pump"", ""quantity"": 4, ""size_value"": null, ""size_unit"": null, ""size_band"": null, ""details"": null}]",[],POVERTY,e0000000-0000-4000-8000-000000000001,cr0017,,1.4,2026-04-01 10:00:17
h018,HH-0018,i0083,Sarah Angela Bell,FEMALE_HEADED,3,3,0,0,0,2,1,kamuntu,chakula,njia,barafu,biluhu,17.9575,70.9371,208,79AB+09,9368 Chelsea Shoals,Sector 3,000083,KM,PERMANENT,TILE,BAMBOO,TILE,HOSTED,WELL,5,FLUSH_TOILET,KEROSENE,FIREWOOD,"[{""asset_type"": ""PRODUCTIVE"", ""asset_category"": ""Water Pump"", ""quantity"": 5, ""size_value"": null, ""size_unit"": null, ""size_band"": null, ""details"": null}, {""asset_type"": ""VEHICLE"", ""asset_category"": ""Bicycle"", ""quantity"": 1, ""size_value"": null, ""size_unit"": null, ""size_band"": null, ""details"": null}]","[{""program_name"": ""PROG_HH_LIVELIHOOD"", ""program_start_date"": ""2024-12-22"", ""program_exit_date"": null}, {""program_name"": ""PROG_HH_SAFETY_NET"", ""program_start_date"": ""2024-09-08"", ""program_exit_date"": null}]",POVERTY,e0000000-0000-4000-8000-000000000001,cr0018,,4.52,2026-04-01 10:00:18
h019,HH-0019,i0086,Paul Wilson,MALE_HEADED,6,5,0,1,1,3,3,kamuntu,faraja,sihaya,kusoma,bidi,10.6192,65.6312,213,06AB+56,49784 Jeffrey Rapid Apt. 034,Sector 6,000086,KM,PERMANENT,METAL_SHEET,BRICK,EARTH,OWNED,PIPED,27,PIT_LATRINE,GRID,GAS,"[{""asset_type"": ""VEHICLE"", ""asset_category"": ""Car"", ""quantity"": 1, ""size_value"": null, ""size_unit"": null, ""size_band"": null, ""details"": null}, {""asset_type"": ""VEHICLE"", ""asset_category"": ""Bicycle"", ""quantity"": 1, ""size_value"": null, ""size_unit"": null, ""size_band"": null, ""details"": null}, {""asset_type"": ""CONSUMER_DURABLE"", ""asset_category"": ""Television"", ""quantity"": 1, ""size_value"": null, ""size_unit"": null, ""size_band"": null, ""details"": ""{\""condition\"": \""working\""}""}]",[],POVERTY,e0000000-0000-4000-8000-000000000001,cr0019,,1.35,2026-04-01 10:00:19
h020,HH-0020,i0092,Leslie Bell,FEMALE_HEADED,7,5,0,2,0,2,5,kamuntu,chakula,rafiki,uhuruumeme,biluju,17.133,69.1788,155,71AB+91,1199 Ford Plaza Apt. 793,Sector 3,000092,KM,SEMI_PERMANENT,METAL_SHEET,MUD_BRICK,EARTH,HOSTED,PUBLIC_TAP,39,SHARED,GRID,CHARCOAL,[],"[{""program_name"": ""PROG_HH_NUTRITION"", ""program_start_date"": ""2023-10-04"", ""program_exit_date"": null}]",POVERTY,e0000000-0000-4000-8000-000000000001,cr0020,,1.6,2026-04-01 10:00:20
h021,HH-0021,i0099,Pamela Anderson,FEMALE_HEADED,5,5,0,0,0,3,2,kamuntu,kilima,nyani,shimo,bilina,12.5656,71.6254,62,25AB+16,22927 Robert Springs Apt. 794,Sector 1,000099,KM,PERMANENT,TILE,BAMBOO,TILE,HOSTED,SPRING,6,FLUSH_TOILET,GRID,ELECTRICITY,"[{""asset_type"": ""PRODUCTIVE"", ""asset_category"": ""Sewing Machine"", ""quantity"": 1, ""size_value"": null, ""size_unit"": null, ""size_band"": null, ""details"": null}]","[{""program_name"": ""PROG_HH_SAFETY_NET"", ""program_start_date"": ""2024-03-28"", ""program_exit_date"": null}, {""program_name"": ""PROG_HH_NUTRITION"", ""program_start_date"": ""2024-06-17"", ""program_exit_date"": null}]",POVERTY,e0000000-0000-4000-8000-000000000001,cr0021,,2.53,2026-04-01 10:00:21
h022,HH-0022,i0104,Todd Lynch,MALE_HEADED,5,4,0,1,1,2,3,kamuntu,chakula,makali,cheka,bilupu,19.9831,66.9494,248,99AB+69,43410 Robert Underpass Suite 117,Sector 6,000104,KM,TEMPORARY,TILE,BRICK,TILE,RENTED,SPRING,21,SHARED,KEROSENE,FIREWOOD,"[{""asset_type"": ""CONSUMER_DURABLE"", ""asset_category"": ""Television"", ""quantity"": 1, ""size_value"": null, ""size_unit"": null, ""size_band"": null, ""details"": null}, {""asset_type"": ""PRODUCTIVE"", ""asset_category"": ""Plough"", ""quantity"": 5, ""size_value"": null, ""size_unit"": null, ""size_band"": null, ""details"": null}, {""asset_type"": ""CONSUMER_DURABLE"", ""asset_category"": ""Radio"", ""quantity"": 3, ""size_value"": null, ""size_unit"": null, ""size_band"": null, ""details"": ""{\""condition\"": \""working\""}""}, {""asset_type"": ""PRODUCTIVE"", ""asset_category"": ""Sewing Machine"", ""quantity"": 2, ""size_value"": null, ""size_unit"": null, ""size_band"": null, ""details"": null}, {""asset_type"": ""CONSUMER_DURABLE"", ""asset_category"": ""Refrigerator"", ""quantity"": 1, ""size_value"": null, ""size_unit"": null, ""size_band"": null, ""details"": ""{\""condition\"": \""working\""}""}]","[{""program_name"": ""PROG_HH_SAFETY_NET"", ""program_start_date"": ""2024-06-23"", ""program_exit_date"": null}]",POVERTY,e0000000-0000-4000-8000-000000000001,cr0022,,3.57,2026-04-01 10:00:22
h023,HH-0023,i0109,Matthew Mitchell,MALE_HEADED,7,7,0,0,2,3,4,kamuntu,chakula,makali,sura,biluqu,12.4805,66.4473,113,24AB+64,541 Kim Locks,Sector 2,000109,KM,SEMI_PERMANENT,TARPAULIN,STONE,CEMENT,RENTED,PUBLIC_TAP,15,PIT_LATRINE,KEROSENE,OTHER,"[{""asset_type"": ""CONSUMER_DURABLE"", ""asset_category"": ""Refrigerator"", ""quantity"": 1, ""size_value"": null, ""size_unit"": null, ""size_band"": null, ""details"": null}, {""asset_type"": ""VEHICLE"", ""asset_category"": ""Bicycle"", ""quantity"": 1, ""size_value"": null, ""size_unit"": null, ""size_band"": null, ""details"": null}]",[],POVERTY,e0000000-0000-4000-8000-000000000001,cr0023,,4.79,2026-04-01 10:00:23
h024,HH-0024,i0116,Rodney Jones,MALE_HEADED,7,6,0,1,0,4,3,kamuntu,chakula,njia,barafu,biluja,10.4073,68.4705,87,04AB+84,177 Anderson Village Apt. 268,Sector 9,000116,KM,SEMI_PERMANENT,TILE,STONE,EARTH,RENTED,PUBLIC_TAP,19,SHARED,SOLAR,OTHER,"[{""asset_type"": ""VEHICLE"", ""asset_category"": ""Motorcycle"", ""quantity"": 2, ""size_value"": null, ""size_unit"": null, ""size_band"": null, ""details"": null}, {""asset_type"": ""PRODUCTIVE"", ""asset_category"": ""Sewing Machine"", ""quantity"": 5, ""size_value"": null, ""size_unit"": null, ""size_band"": null, ""details"": null}, {""asset_type"": ""VEHICLE"", ""asset_category"": ""Car"", ""quantity"": 3, ""size_value"": null, ""size_unit"": null, ""size_band"": null, ""details"": null}, {""asset_type"": ""PRODUCTIVE"", ""asset_category"": ""Plough"", ""quantity"": 5, ""size_value"": null, ""size_unit"": null, ""size_band"": null, ""details"": null}, {""asset_type"": ""CONSUMER_DURABLE"", ""asset_category"": ""Radio"", ""quantity"": 5, ""size_value"": null, ""size_unit"": null, ""size_band"": null, ""details"": null}]",[],POVERTY,e0000000-0000-4000-8000-000000000001,cr0024,,3.4,2026-04-01 10:00:24
h025,HH-0025,i0123,Kathleen Destiny Khan,FEMALE_HEADED,7,4,1,2,0,6,1,kamuntu,faraja,asilani,nguvu,bano,13.6332,66.6511,66,36AB+66,8016 Nicole Stream Suite 650,Sector 7,000123,KM,PERMANENT,TILE,STONE,EARTH,OWNED,SPRING,8,FLUSH_TOILET,GRID,FIREWOOD,"[{""asset_type"": ""PRODUCTIVE"", ""asset_category"": ""Water Pump"", ""quantity"": 2, ""size_value"": null, ""size_unit"": null, ""size_band"": null, ""details"": ""{\""condition\"": \""working\""}""}, {""asset_type"": ""VEHICLE"", ""asset_category"": ""Motorcycle"", ""quantity"": 3, ""size_value"": null, ""size_unit"": null, ""size_band"": null, ""details"": null}, {""asset_type"": ""PRODUCTIVE"", ""asset_category"": ""Plough"", ""quantity"": 5, ""size_value"": null, ""size_unit"": null, ""size_band"": null, ""details"": null}]",[],POVERTY,e0000000-0000-4000-8000-000000000001,cr0025,,3.72,2026-04-01 10:00:25
h026,HH-0026,i0130,Tyler Stevens,MALE_HEADED,7,5,1,1,0,3,4,kamuntu,chakula,rafiki,uhuruumeme,biluka,14.9874,70.9829,151,49AB+09,48434 Bush Spurs,Sector 5,000130,KM,PERMANENT,TILE,STONE,EARTH,OWNED,PUBLIC_TAP,13,SHARED,KEROSENE,ELECTRICITY,"[{""asset_type"": ""CONSUMER_DURABLE"", ""asset_category"": ""Mobile Phone"", ""quantity"": 5, ""size_value"": null, ""size_unit"": null, ""size_band"": null, ""details"": ""{\""condition\"": \""working\""}""}, {""asset_type"": ""PRODUCTIVE"", ""asset_category"": ""Water Pump"", ""quantity"": 5, ""size_value"": null, ""size_unit"": null, ""size_band"": null, ""details"": ""{\""condition\"": \""working\""}""}, {""asset_type"": ""VEHICLE"", ""asset_category"": ""Motorcycle"", ""quantity"": 3, ""size_value"": null, ""size_unit"": null, ""size_band"": null, ""details"": null}, {""asset_type"": ""VEHICLE"", ""asset_category"": ""Bicycle"", ""quantity"": 3, ""size_value"": null, ""size_unit"": null, ""size_band"": null, ""details"": ""{\""condition\"": \""working\""}""}, {""asset_type"": ""PRODUCTIVE"", ""asset_category"": ""Plough"", ""quantity"": 5, ""size_value"": null, ""size_unit"": null, ""size_band"": null, ""details"": null}]","[{""program_name"": ""PROG_HH_SAFETY_NET"", ""program_start_date"": ""2025-07-21"", ""program_exit_date"": null}]",POVERTY,e0000000-0000-4000-8000-000000000001,cr0026,,2.41,2026-04-01 10:00:26
h027,HH-0027,i0137,Margaret Ronald Sullivan,FEMALE_HEADED,3,2,1,0,0,2,1,kamuntu,faraja,sihaya,kusoma,bichi,17.1992,65.1981,93,71AB+51,61227 Boyle Avenue Suite 637,Sector 3,000137,KM,PERMANENT,TARPAULIN,STONE,CEMENT,RENTED,SPRING,22,SHARED,SOLAR,ELECTRICITY,[],[],POVERTY,e0000000-0000-4000-8000-000000000001,cr0027,,2.62,2026-04-01 10:00:27
h028,HH-0028,i0140,Jacqueline Miles,FEMALE_HEADED,6,4,0,2,0,3,3,kamuntu,faraja,asilani,kufa,berio,10.9104,68.9507,130,09AB+89,339 Alicia Pines Suite 191,Sector 6,000140,KM,TEMPORARY,TILE,MUD_BRICK,TILE,OWNED,WELL,36,FLUSH_TOILET,KEROSENE,OTHER,"[{""asset_type"": ""VEHICLE"", ""asset_category"": ""Car"", ""quantity"": 4, ""size_value"": null, ""size_unit"": null, ""size_band"": null, ""details"": ""{\""condition\"": \""working\""}""}, {""asset_type"": ""CONSUMER_DURABLE"", ""asset_category"": ""Mobile Phone"", ""quantity"": 3, ""size_value"": null, ""size_unit"": null, ""size_band"": null, ""details"": ""{\""condition\"": \""working\""}""}, {""asset_type"": ""CONSUMER_DURABLE"", ""asset_category"": ""Refrigerator"", ""quantity"": 4, ""size_value"": null, ""size_unit"": null, ""size_band"": null, ""details"": null}]","[{""program_name"": ""PROG_HH_SAFETY_NET"", ""program_start_date"": ""2024-09-05"", ""program_exit_date"": null}]",POVERTY,e0000000-0000-4000-8000-000000000001,cr0028,,3.8,2026-04-01 10:00:28
h029,HH-0029,i0146,Pamela Stephenson,FEMALE_HEADED,3,2,0,1,0,2,1,kamuntu,chakula,mfumo,wimbo,biluba,14.4129,65.4097,145,44AB+54,31190 Harper Squares,Sector 3,000146,KM,SEMI_PERMANENT,TILE,BAMBOO,EARTH,RENTED,PUBLIC_TAP,26,FLUSH_TOILET,KEROSENE,OTHER,[],[],POVERTY,e0000000-0000-4000-8000-000000000001,cr0029,,1.88,2026-04-01 10:00:29
h030,HH-0030,i0149,Shannon Steven Thomas,FEMALE_HEADED,7,7,0,0,1,4,3,kamuntu,chakula,njia,wingu,bilugi,17.748,66.7524,234,77AB+67,668 Paul Glens,Sector 6,000149,KM,PERMANENT,METAL_SHEET,STONE,TILE,HOSTED,SPRING,9,PIT_LATRINE,GRID,ELECTRICITY,"[{""asset_type"": ""VEHICLE"", ""asset_category"": ""Motorcycle"", ""quantity"": 3, ""size_value"": null, ""size_unit"": null, ""size_band"": null, ""details"": ""{\""condition\"": \""working\""}""}, {""asset_type"": ""CONSUMER_DURABLE"", ""asset_category"": ""Refrigerator"", ""quantity"": 5, ""size_value"": null, ""size_unit"": null, ""size_band"": null, ""details"": null}, {""asset_type"": ""VEHICLE"", ""asset_category"": ""Motorcycle"", ""quantity"": 3, ""size_value"": null, ""size_unit"": null, ""size_band"": null, ""details"": ""{\""condition\"": \""working\""}""}, {""asset_type"": ""PRODUCTIVE"", ""asset_category"": ""Water Pump"", ""quantity"": 3, ""size_value"": null, ""size_unit"": null, ""size_band"": null, ""details"": null}, {""asset_type"": ""CONSUMER_DURABLE"", ""asset_category"": ""Mobile Phone"", ""quantity"": 1, ""size_value"": null, ""size_unit"": null, ""size_band"": null, ""details"": null}]","[{""program_name"": ""PROG_HH_NUTRITION"", ""program_start_date"": ""2024-11-09"", ""program_exit_date"": null}]",POVERTY,e0000000-0000-4000-8000-000000000001,cr0030,,4.95,2026-04-01 10:00:30
h031,HH-0031,i0156,Jonathan Wolfe,MALE_HEADED,7,5,1,1,1,6,1,kamuntu,jasiri,baraka,walili,bimata,11.0621,66.0946,282,10AB+60,11823 Christine Glen Suite 461,Sector 4,000156,KM,PERMANENT,METAL_SHEET,STONE,TILE,HOSTED,PUBLIC_TAP,14,PIT_LATRINE,KEROSENE,OTHER,"[{""asset_type"": ""PRODUCTIVE"", ""asset_category"": ""Sewing Machine"", ""quantity"": 1, ""size_value"": null, ""size_unit"": null, ""size_band"": null, ""details"": null}, {""asset_type"": ""CONSUMER_DURABLE"", ""asset_category"": ""Television"", ""quantity"": 1, ""size_value"": null, ""size_unit"": null, ""size_band"": null, ""details"": null}, {""asset_type"": ""CONSUMER_DURABLE"", ""asset_category"": ""Mobile Phone"", ""quantity"": 4, ""size_value"": null, ""size_unit"": null, ""size_band"": null, ""details"": null}, {""asset_type"": ""CONSUMER_DURABLE"", ""asset_category"": ""Mobile Phone"", ""quantity"": 4, ""size_value"": null, ""size_unit"": null, ""size_band"": null, ""details"": ""{\""condition\"": \""working\""}""}]",[],POVERTY,e0000000-0000-4000-8000-000000000001,cr0031,,3.19,2026-04-01 10:00:31
h032,HH-0032,i0163,Abigail Parker,FEMALE_HEADED,4,4,0,0,1,1,3,kamuntu,chakula,mfumo,nguvu,biluci,16.6068,65.5921,295,66AB+55,7888 Garcia Corners,Sector 2,000163,KM,PERMANENT,METAL_SHEET,BRICK,CEMENT,HOSTED,PIPED,5,FLUSH_TOILET,KEROSENE,OTHER,"[{""asset_type"": ""VEHICLE"", ""asset_category"": ""Car"", ""quantity"": 3, ""size_value"": null, ""size_unit"": null, ""size_band"": null, ""details"": null}]",[],POVERTY,e0000000-0000-4000-8000-000000000001,cr0032,,4.08,2026-04-01 10:00:32
h033,HH-0033,i0167,Tracy Carter,FEMALE_HEADED,6,5,0,1,0,3,3,kamuntu,jasiri,simba,walizo,biluti,13.2596,66.3016,240,32AB+63,4651 Brittany Plains Apt. 807,Sector 6,000167,KM,PERMANENT,THATCH,BAMBOO,EARTH,HOSTED,PIPED,41,PIT_LATRINE,GRID,GAS,"[{""asset_type"": ""VEHICLE"", ""asset_category"": ""Motorcycle"", ""quantity"": 4, ""size_value"": null, ""size_unit"": null, ""size_band"": null, ""details"": null}, {""asset_type"": ""PRODUCTIVE"", ""asset_category"": ""Water Pump"", ""quantity"": 2, ""size_value"": null, ""size_unit"": null, ""size_band"": null, ""details"": null}, {""asset_type"": ""VEHICLE"", ""asset_category"": ""Car"", ""quantity"": 5, ""size_value"": null, ""size_unit"": null, ""size_band"": null, ""details"": null}]","[{""program_name"": ""PROG_HH_LIVELIHOOD"", ""program_start_date"": ""2025-11-13"", ""program_exit_date"": null}]",POVERTY,e0000000-0000-4000-8000-000000000001,cr0033,,1.58,2026-04-01 10:00:33
h034,HH-0034,i0173,Mark Lopez,MALE_HEADED,7,5,0,2,1,2,5,kamuntu,kilima,karamu,hasara,bilota,12.8016,65.7932,131,28AB+57,9660 Jamie Terrace,Sector 3,000173,KM,PERMANENT,METAL_SHEET,STONE,EARTH,OWNED,PIPED,38,PIT_LATRINE,KEROSENE,OTHER,"[{""asset_type"": ""VEHICLE"", ""asset_category"": ""Bicycle"", ""quantity"": 1, ""size_value"": null, ""size_unit"": null, ""size_band"": null, ""details"": null}]","[{""program_name"": ""PROG_HH_NUTRITION"", ""program_start_date"": ""2025-11-10"", ""program_exit_date"": null}]",POVERTY,e0000000-0000-4000-8000-000000000001,cr0034,,4.37,2026-04-01 10:00:34
h035,HH-0035,i0180,Kimberly Fritz,FEMALE_HEADED,5,4,0,1,0,3,2,kamuntu,chakula,njia,moyo,bilufi,16.3599,71.4481,170,63AB+14,340 Baker Wall,Sector 1,000180,KM,TEMPORARY,TILE,BAMBOO,TILE,RENTED,WELL,35,PIT_LATRINE,SOLAR,CHARCOAL,"[{""asset_type"": ""VEHICLE"", ""asset_category"": ""Bicycle"", ""quantity"": 5, ""size_value"": null, ""size_unit"": null, ""size_band"": null, ""details"": null}]",[],POVERTY,e0000000-0000-4000-8000-000000000001,cr0035,,2.39,2026-04-01 10:00:35
h036,HH-0036,i0185,Daniel Jason Jordan,MALE_HEADED,4,4,0,0,0,2,2,kamuntu,jasiri,mapema,upendo,bimbee,15.7307,68.7852,53,57AB+87,750 Cory Tunnel,Sector 6,000185,KM,PERMANENT,TILE,MUD_BRICK,CEMENT,OWNED,WELL,20,PIT_LATRINE,GRID,ELECTRICITY,"[{""asset_type"": ""PRODUCTIVE"", ""asset_category"": ""Plough"", ""quantity"": 1, ""size_value"": null, ""size_unit"": null, ""size_band"": null, ""details"": null}, {""asset_type"": ""VEHICLE"", ""asset_category"": ""Car"", ""quantity"": 2, ""size_value"": null, ""size_unit"": null, ""size_band"": null, ""details"": null}, {""asset_type"": ""VEHICLE"", ""asset_category"": ""Car"", ""quantity"": 5, ""size_value"": null, ""size_unit"": null, ""size_band"": null, ""details"": ""{\""condition\"": \""working\""}""}]","[{""program_name"": ""PROG_HH_SAFETY_NET"", ""program_start_date"": ""2024-02-04"", ""program_exit_date"": null}, {""program_name"": ""PROG_HH_LIVELIHOOD"", ""program_start_date"": ""2023-03-07"", ""program_exit_date"": null}]",POVERTY,e0000000-0000-4000-8000-000000000001,cr0036,,3.56,2026-04-01 10:00:36
h037,HH-0037,i0189,James Nancy Li,MALE_HEADED,3,3,0,0,1,2,1,kamuntu,jasiri,ndoto,pamoja,biluxo,12.3184,70.278,189,23AB+02,5326 Heath Corners,Sector 1,000189,KM,TEMPORARY,TILE,MUD_BRICK,CEMENT,HOSTED,PUBLIC_TAP,41,FLUSH_TOILET,KEROSENE,FIREWOOD,"[{""asset_type"": ""CONSUMER_DURABLE"", ""asset_category"": ""Mobile Phone"", ""quantity"": 3, ""size_value"": null, ""size_unit"": null, ""size_band"": null, ""details"": null}, {""asset_type"": ""VEHICLE"", ""asset_category"": ""Car"", ""quantity"": 4, ""size_value"": null, ""size_unit"": null, ""size_band"": null, ""details"": null}, {""asset_type"": ""VEHICLE"", ""asset_category"": ""Bicycle"", ""quantity"": 4, ""size_value"": null, ""size_unit"": null, ""size_band"": null, ""details"": null}, {""asset_type"": ""VEHICLE"", ""asset_category"": ""Bicycle"", ""quantity"": 3, ""size_value"": null, ""size_unit"": null, ""size_band"": null, ""details"": null}]",[],POVERTY,e0000000-0000-4000-8000-000000000001,cr0037,,3.14,2026-04-01 10:00:37
h038,HH-0038,i0192,Daisy Little,FEMALE_HEADED,7,5,0,2,0,3,4,kamuntu,faraja,asilani,nguvu,bandari,10.8991,65.8856,290,08AB+58,69658 Kathryn Trail Apt. 091,Sector 4,000192,KM,TEMPORARY,TARPAULIN,BAMBOO,EARTH,RENTED,PIPED,35,PIT_LATRINE,KEROSENE,OTHER,"[{""asset_type"": ""VEHICLE"", ""asset_category"": ""Bicycle"", ""quantity"": 4, ""size_value"": null, ""size_unit"": null, ""size_band"": null, ""details"": null}, {""asset_type"": ""CONSUMER_DURABLE"", ""asset_category"": ""Mobile Phone"", ""quantity"": 2, ""size_value"": null, ""size_unit"": null, ""size_band"": null, ""details"": null}]",[],POVERTY,e0000000-0000-4000-8000-000000000001,cr0038,,2.26,2026-04-01 10:00:38
h039,HH-0039,i0199,Tara Mathews,FEMALE_HEADED,5,4,0,1,0,2,3,kamuntu,faraja,sihaya,kutaka,bileh,18.5214,68.5865,297,85AB+85,1951 Harry Unions Apt. 617,Sector 2,000199,KM,TEMPORARY,THATCH,MUD_BRICK,TILE,RENTED,PIPED,30,SHARED,SOLAR,OTHER,[],[],POVERTY,e0000000-0000-4000-8000-000000000001,cr0039,,2.6,2026-04-01 10:00:39
h040,HH-0040,i0204,Jerry Edwards,MALE_HEADED,6,5,1,0,0,3,3,kamuntu,faraja,tunza,kufa,bilosi,10.3821,69.2986,262,03AB+92,537 Ford Walk,Sector 7,000204,KM,TEMPORARY,TILE,BAMBOO,TILE,OWNED,PIPED,23,PIT_LATRINE,KEROSENE,FIREWOOD,"[{""asset_type"": ""CONSUMER_DURABLE"", ""asset_category"": ""Radio"", ""quantity"": 2, ""size_value"": null, ""size_unit"": null, ""size_band"": null, ""details"": ""{\""condition\"": \""working\""}""}]","[{""program_name"": ""PROG_HH_LIVELIHOOD"", ""program_start_date"": ""2023-02-07"", ""program_exit_date"": null}]",POVERTY,e0000000-0000-4000-8000-000000000001,cr0040,,4.66,2026-04-01 10:00:40
h041,HH-0041,i0210,Alexander Harper,MALE_HEADED,6,5,0,1,0,2,4,kamuntu,faraja,sihaya,kuzaa,bievu,16.4972,68.4613,111,64AB+84,593 Craig Shoals Apt. 480,Sector 4,000210,KM,PERMANENT,TILE,BAMBOO,CEMENT,RENTED,WELL,9,FLUSH_TOILET,KEROSENE,CHARCOAL,"[{""asset_type"": ""VEHICLE"", ""asset_category"": ""Car"", ""quantity"": 5, ""size_value"": null, ""size_unit"": null, ""size_band"": null, ""details"": ""{\""condition\"": \""working\""}""}, {""asset_type"": ""VEHICLE"", ""asset_category"": ""Car"", ""quantity"": 2, ""size_value"": null, ""size_unit"": null, ""size_band"": null, ""details"": null}]","[{""program_name"": ""PROG_HH_NUTRITION"", ""program_start_date"": ""2024-01-08"", ""program_exit_date"": null}, {""program_name"": ""PROG_HH_LIVELIHOOD"", ""program_start_date"": ""2023-04-19"", ""program_exit_date"": null}]",POVERTY,e0000000-0000-4000-8000-000000000001,cr0041,,1.38,2026-04-01 10:00:41
h042,HH-0042,i0216,David Gary Haas,MALE_HEADED,4,4,0,0,0,2,2,kamuntu,jasiri,mapema,tahini,bimbez,17.8116,68.8285,258,78AB+88,0433 Michael Turnpike Apt. 006,Sector 1,000216,KM,PERMANENT,THATCH,STONE,TILE,RENTED,SPRING,45,PIT_LATRINE,KEROSENE,CHARCOAL,"[{""asset_type"": ""VEHICLE"", ""asset_category"": ""Car"", ""quantity"": 2, ""size_value"": null, ""size_unit"": null, ""size_band"": null, ""details"": null}, {""asset_type"": ""CONSUMER_DURABLE"", ""asset_category"": ""Television"", ""quantity"": 4, ""size_value"": null, ""size_unit"": null, ""size_band"": null, ""details"": null}]",[],POVERTY,e0000000-0000-4000-8000-000000000001,cr0042,,1.19,2026-04-01 10:00:42
h043,HH-0043,i0220,Sara Hernandez,FEMALE_HEADED,5,5,0,0,1,3,2,kamuntu,jasiri,mapema,ushindi,bimaza,18.3372,65.3035,228,83AB+53,10324 Thomas Crescent Suite 677,Sector 5,000220,KM,PERMANENT,TARPAULIN,BAMBOO,TILE,RENTED,PIPED,25,FLUSH_TOILET,GRID,CHARCOAL,"[{""asset_type"": ""VEHICLE"", ""asset_category"": ""Motorcycle"", ""quantity"": 5, ""size_value"": null, ""size_unit"": null, ""size_band"": null, ""details"": ""{\""condition\"": \""working\""}""}]",[],POVERTY,e0000000-0000-4000-8000-000000000001,cr0043,,1.8,2026-04-01 10:00:43
h044,HH-0044,i0225,Adam Briana Graves,MALE_HEADED,6,5,0,1,1,3,3,kamuntu,jasiri,baraka,walili,bimawa,19.7471,65.7783,237,97AB+57,62299 Sara Port Apt. 485,Sector 1,000225,KM,TEMPORARY,TILE,BRICK,TILE,HOSTED,SPRING,2,PIT_LATRINE,KEROSENE,GAS,"[{""asset_type"": ""CONSUMER_DURABLE"", ""asset_category"": ""Television"", ""quantity"": 3, ""size_value"": null, ""size_unit"": null, ""size_band"": null, ""details"": null}, {""asset_type"": ""CONSUMER_DURABLE"", ""asset_category"": ""Television"", ""quantity"": 5, ""size_value"": null, ""size_unit"": null, ""size_band"": null, ""details"": null}, {""asset_type"": ""CONSUMER_DURABLE"", ""asset_category"": ""Refrigerator"", ""quantity"": 4, ""size_value"": null, ""size_unit"": null, ""size_band"": null, ""details"": null}]","[{""program_name"": ""PROG_HH_NUTRITION"", ""program_start_date"": ""2023-05-14"", ""program_exit_date"": null}]",POVERTY,e0000000-0000-4000-8000-000000000001,cr0044,,3.51,2026-04-01 10:00:44
h045,HH-0045,i0231,Matthew Alan Burke,MALE_HEADED,7,4,0,3,0,4,3,kamuntu,kilima,mkutani,msitu,baadhi,15.8286,71.8463,216,58AB+18,446 York Mount Suite 374,Sector 7,000231,KM,TEMPORARY,METAL_SHEET,BRICK,EARTH,HOSTED,WELL,36,SHARED,KEROSENE,FIREWOOD,[],[],POVERTY,e0000000-0000-4000-8000-000000000001,cr0045,,4.68,2026-04-01 10:00:45
h046,HH-0046,i0238,Kenneth Moore,MALE_HEADED,5,5,0,0,1,3,2,kamuntu,chakula,njia,moyo,bilufa,18.6508,65.6701,194,86AB+56,96666 Reyes Camp,Sector 5,000238,KM,SEMI_PERMANENT,METAL_SHEET,STONE,CEMENT,OWNED,PIPED,38,SHARED,SOLAR,OTHER,"[{""asset_type"": ""CONSUMER_DURABLE"", ""asset_category"": ""Radio"", ""quantity"": 4, ""size_value"": null, ""size_unit"": null, ""size_band"": null, ""details"": null}, {""asset_type"": ""VEHICLE"", ""asset_category"": ""Bicycle"", ""quantity"": 5, ""size_value"": null, ""size_unit"": null, ""size_band"": null, ""details"": null}, {""asset_type"": ""VEHICLE"", ""asset_category"": ""Motorcycle"", ""quantity"": 5, ""size_value"": null, ""size_unit"": null, ""size_band"": null, ""details"": ""{\""condition\"": \""working\""}""}, {""asset_type"": ""CONSUMER_DURABLE"", ""asset_category"": ""Mobile Phone"", ""quantity"": 1, ""size_value"": null, ""size_unit"": null, ""size_band"": null, ""details"": null}, {""asset_type"": ""PRODUCTIVE"", ""asset_category"": ""Water Pump"", ""quantity"": 5, ""size_value"": null, ""size_unit"": null, ""size_band"": null, ""details"": null}]",[],POVERTY,e0000000-0000-4000-8000-000000000001,cr0046,,4.22,2026-04-01 10:00:46
h047,HH-0047,i0243,Jennifer Roach,FEMALE_HEADED,5,2,1,2,1,3,2,kamuntu,kilima,karamu,hasara,biloti,13.9072,67.8875,101,39AB+78,348 Michael Lodge,Sector 1,000243,KM,SEMI_PERMANENT,THATCH,MUD_BRICK,CEMENT,HOSTED,PIPED,2,SHARED,GRID,GAS,"[{""asset_type"": ""CONSUMER_DURABLE"", ""asset_category"": ""Mobile Phone"", ""quantity"": 3, ""size_value"": null, ""size_unit"": null, ""size_band"": null, ""details"": ""{\""condition\"": \""working\""}""}, {""asset_type"": ""CONSUMER_DURABLE"", ""asset_category"": ""Refrigerator"", ""quantity"": 5, ""size_value"": null, ""size_unit"": null, ""size_band"": null, ""details"": ""{\""condition\"": \""working\""}""}, {""asset_type"": ""PRODUCTIVE"", ""asset_category"": ""Sewing Machine"", ""quantity"": 2, ""size_value"": null, ""size_unit"": null, ""size_band"": null, ""details"": null}, {""asset_type"": ""VEHICLE"", ""asset_category"": ""Motorcycle"", ""quantity"": 3, ""size_value"": null, ""size_unit"": null, ""size_band"": null, ""details"": null}]",[],POVERTY,e0000000-0000-4000-8000-000000000001,cr0047,,4.42,2026-04-01 10:00:47
h048,HH-0048,i0248,Denise Cruz,FEMALE_HEADED,6,5,1,0,1,3,3,kamuntu,kilima,karamu,damu,bilkou,16.5522,65.5564,281,65AB+55,2120 Dale Ramp Suite 972,Sector 6,000248,KM,SEMI_PERMANENT,TILE,MUD_BRICK,TILE,OWNED,WELL,20,FLUSH_TOILET,GRID,FIREWOOD,"[{""asset_type"": ""PRODUCTIVE"", ""asset_category"": ""Plough"", ""quantity"": 1, ""size_value"": null, ""size_unit"": null, ""size_band"": null, ""details"": null}, {""asset_type"": ""VEHICLE"", ""asset_category"": ""Car"", ""quantity"": 4, ""size_value"": null, ""size_unit"": null, ""size_band"": null, ""details"": ""{\""condition\"": \""working\""}""}, {""asset_type"": ""VEHICLE"", ""asset_category"": ""Motorcycle"", ""quantity"": 4, ""size_value"": null, ""size_unit"": null, ""size_band"": null, ""details"": null}]","[{""program_name"": ""PROG_HH_NUTRITION"", ""program_start_date"": ""2023-03-01"", ""program_exit_date"": null}, {""program_name"": ""PROG_HH_LIVELIHOOD"", ""program_start_date"": ""2025-09-06"", ""program_exit_date"": null}]",POVERTY,e0000000-0000-4000-8000-000000000001,cr0048,,2.29,2026-04-01 10:00:48
h049,HH-0049,i0254,Christine Powers,FEMALE_HEADED,6,5,0,1,1,1,5,kamuntu,faraja,sihaya,kupika,bertu,13.9567,71.0116,284,39AB+10,0375 Moran Lakes Suite 113,Sector 3,000254,KM,PERMANENT,THATCH,STONE,CEMENT,HOSTED,PIPED,40,FLUSH_TOILET,GRID,FIREWOOD,"[{""asset_type"": ""PRODUCTIVE"", ""asset_category"": ""Plough"", ""quantity"": 2, ""size_value"": null, ""size_unit"": null, ""size_band"": null, ""details"": null}, {""asset_type"": ""VEHICLE"", ""asset_category"": ""Bicycle"", ""quantity"": 1, ""size_value"": null, ""size_unit"": null, ""size_band"": null, ""details"": null}, {""asset_type"": ""VEHICLE"", ""asset_category"": ""Motorcycle"", ""quantity"": 2, ""size_value"": null, ""size_unit"": null, ""size_band"": null, ""details"": null}, {""asset_type"": ""VEHICLE"", ""asset_category"": ""Car"", ""quantity"": 4, ""size_value"": null, ""size_unit"": null, ""size_band"": null, ""details"": null}]",[],POVERTY,e0000000-0000-4000-8000-000000000001,cr0049,,4.96,2026-04-01 10:00:49
h050,HH-0050,i0260,Michael Goodman,MALE_HEADED,7,5,1,1,0,5,2,kamuntu,kilima,karamu,uzima,bilosa,18.2149,68.2149,150,82AB+82,858 James Road Suite 522,Sector 9,000260,KM,TEMPORARY,TILE,STONE,TILE,RENTED,WELL,8,FLUSH_TOILET,KEROSENE,FIREWOOD,"[{""asset_type"": ""CONSUMER_DURABLE"", ""asset_category"": ""Television"", ""quantity"": 4, ""size_value"": null, ""size_unit"": null, ""size_band"": null, ""details"": null}, {""asset_type"": ""VEHICLE"", ""asset_category"": ""Bicycle"", ""quantity"": 3, ""size_value"": null, ""size_unit"": null, ""size_band"": null, ""details"": null}, {""asset_type"": ""CONSUMER_DURABLE"", ""asset_category"": ""Radio"", ""quantity"": 4, ""size_value"": null, ""size_unit"": null, ""size_band"": null, ""details"": null}, {""asset_type"": ""PRODUCTIVE"", ""asset_category"": ""Water Pump"", ""quantity"": 2, ""size_value"": null, ""size_unit"": null, ""size_band"": null, ""details"": null}]",[],POVERTY,e0000000-0000-4000-8000-000000000001,cr0050,,3.98,2026-04-01 10:00:50
h051,HH-0051,i0267,Mary Rivera,FEMALE_HEADED,4,3,1,0,0,2,2,kamuntu,faraja,tunza,kufa,biloti,14.6438,69.625,196,46AB+96,57399 Susan Springs,Sector 7,000267,KM,PERMANENT,METAL_SHEET,BRICK,EARTH,OWNED,PUBLIC_TAP,42,SHARED,SOLAR,OTHER,"[{""asset_type"": ""CONSUMER_DURABLE"", ""asset_category"": ""Radio"", ""quantity"": 3, ""size_value"": null, ""size_unit"": null, ""size_band"": null, ""details"": null}, {""asset_type"": ""CONSUMER_DURABLE"", ""asset_category"": ""Radio"", ""quantity"": 5, ""size_value"": null, ""size_unit"": null, ""size_band"": null, ""details"": ""{\""condition\"": \""working\""}""}, {""asset_type"": ""VEHICLE"", ""asset_category"": ""Motorcycle"", ""quantity"": 1, ""size_value"": null, ""size_unit"": null, ""size_band"": null, ""details"": null}, {""asset_type"": ""CONSUMER_DURABLE"", ""asset_category"": ""Refrigerator"", ""quantity"": 1, ""size_value"": null, ""size_unit"": null, ""size_band"": null, ""details"": null}, {""asset_type"": ""CONSUMER_DURABLE"", ""asset_category"": ""Television"", ""quantity"": 3, ""size_value"": null, ""size_unit"": null, ""size_band"": null, ""details"": ""{\""condition\"": \""working\""}""}]","[{""program_name"": ""PROG_HH_NUTRITION"", ""program_start_date"": ""2023-02-08"", ""program_exit_date"": null}, {""program_name"": ""PROG_HH_LIVELIHOOD"", ""program_start_date"": ""2024-02-16"", ""program_exit_date"": null}]",POVERTY,e0000000-0000-4000-8000-000000000001,cr0051,,1.02,2026-04-01 10:00:51
h052,HH-0052,i0271,Robert Grant,MALE_HEADED,3,3,0,0,0,1,2,kamuntu,faraja,asilani,usawa,athari,19.2354,71.2641,259,92AB+12,5061 Darlene River Apt. 901,Sector 2,000271,KM,TEMPORARY,TARPAULIN,STONE,TILE,OWNED,PUBLIC_TAP,16,PIT_LATRINE,GRID,FIREWOOD,"[{""asset_type"": ""PRODUCTIVE"", ""asset_category"": ""Sewing Machine"", ""quantity"": 3, ""size_value"": null, ""size_unit"": null, ""size_band"": null, ""details"": null}, {""asset_type"": ""CONSUMER_DURABLE"", ""asset_category"": ""Radio"", ""quantity"": 5, ""size_value"": null, ""size_unit"": null, ""size_band"": null, ""details"": null}, {""asset_type"": ""PRODUCTIVE"", ""asset_category"": ""Water Pump"", ""quantity"": 1, ""size_value"": null, ""size_unit"": null, ""size_band"": null, ""details"": null}]",[],POVERTY,e0000000-0000-4000-8000-000000000001,cr0052,,4.07,2026-04-01 10:00:52
h053,HH-0053,i0274,Natalie Swanson,FEMALE_HEADED,7,6,0,1,0,3,4,kamuntu,faraja,sihaya,kusoma,bidi,10.6652,65.6957,183,06AB+56,23943 Howard Union,Sector 5,000274,KM,SEMI_PERMANENT,THATCH,BAMBOO,CEMENT,RENTED,WELL,12,PIT_LATRINE,GRID,ELECTRICITY,"[{""asset_type"": ""PRODUCTIVE"", ""asset_category"": ""Sewing Machine"", ""quantity"": 2, ""size_value"": null, ""size_unit"": null, ""size_band"": null, ""details"": null}, {""asset_type"": ""PRODUCTIVE"", ""asset_category"": ""Plough"", ""quantity"": 2, ""size_value"": null, ""size_unit"": null, ""size_band"": null, ""details"": null}, {""asset_type"": ""CONSUMER_DURABLE"", ""asset_category"": ""Radio"", ""quantity"": 1, ""size_value"": null, ""size_unit"": null, ""size_band"": null, ""details"": null}, {""asset_type"": ""CONSUMER_DURABLE"", ""asset_category"": ""Radio"", ""quantity"": 1, ""size_value"": null, ""size_unit"": null, ""size_band"": null, ""details"": null}]","[{""program_name"": ""PROG_HH_SAFETY_NET"", ""program_start_date"": ""2024-07-02"", ""program_exit_date"": null}]",POVERTY,e0000000-0000-4000-8000-000000000001,cr0053,,1.97,2026-04-01 10:00:53
h054,HH-0054,i0281,Brenda Moore,FEMALE_HEADED,4,3,1,0,0,1,3,kamuntu,jasiri,mapema,upendo,bimbea,11.1072,71.1294,95,11AB+11,750 Kathleen Fort,Sector 3,000281,KM,PERMANENT,TILE,BRICK,CEMENT,OWNED,PUBLIC_TAP,10,PIT_LATRINE,SOLAR,GAS,"[{""asset_type"": ""VEHICLE"", ""asset_category"": ""Bicycle"", ""quantity"": 2, ""size_value"": null, ""size_unit"": null, ""size_band"": null, ""details"": ""{\""condition\"": \""working\""}""}, {""asset_type"": ""PRODUCTIVE"", ""asset_category"": ""Water Pump"", ""quantity"": 4, ""size_value"": null, ""size_unit"": null, ""size_band"": null, ""details"": null}]","[{""program_name"": ""PROG_HH_SAFETY_NET"", ""program_start_date"": ""2024-10-09"", ""program_exit_date"": null}, {""program_name"": ""PROG_HH_NUTRITION"", ""program_start_date"": ""2024-07-10"", ""program_exit_date"": null}]",POVERTY,e0000000-0000-4000-8000-000000000001,cr0054,,4.31,2026-04-01 10:00:54
h055,HH-0055,i0285,Ashley Timothy Leonard,FEMALE_HEADED,6,5,0,1,0,4,2,kamuntu,chakula,rafiki,nguvu,bilumo,16.8056,71.8352,216,68AB+18,603 David Ramp,Sector 7,000285,KM,SEMI_PERMANENT,TILE,STONE,CEMENT,RENTED,PIPED,10,FLUSH_TOILET,KEROSENE,ELECTRICITY,[],"[{""program_name"": ""PROG_HH_NUTRITION"", ""program_start_date"": ""2023-01-22"", ""program_exit_date"": null}, {""program_name"": ""PROG_HH_SAFETY_NET"", ""program_start_date"": ""2025-05-21"", ""program_exit_date"": null}]",POVERTY,e0000000-0000-4000-8000-000000000001,cr0055,,4.93,2026-04-01 10:00:55
h056,HH-0056,i0291,Brittney Jon Pearson,FEMALE_HEADED,5,5,0,0,1,3,2,kamuntu,jasiri,simba,hatua,biluvi,11.5387,68.5293,167,15AB+85,68872 Hansen Orchard Suite 495,Sector 4,000291,KM,PERMANENT,THATCH,BRICK,CEMENT,OWNED,PUBLIC_TAP,35,FLUSH_TOILET,SOLAR,OTHER,"[{""asset_type"": ""VEHICLE"", ""asset_category"": ""Motorcycle"", ""quantity"": 5, ""size_value"": null, ""size_unit"": null, ""size_band"": null, ""details"": null}, {""asset_type"": ""PRODUCTIVE"", ""asset_category"": ""Sewing Machine"", ""quantity"": 1, ""size_value"": null, ""size_unit"": null, ""size_band"": null, ""details"": null}, {""asset_type"": ""CONSUMER_DURABLE"", ""asset_category"": ""Refrigerator"", ""quantity"": 4, ""size_value"": null, ""size_unit"": null, ""size_band"": null, ""details"": null}, {""asset_type"": ""CONSUMER_DURABLE"", ""asset_category"": ""Refrigerator"", ""quantity"": 2, ""size_value"": null, ""size_unit"": null, ""size_band"": null, ""details"": ""{\""condition\"": \""working\""}""}, {""asset_type"": ""VEHICLE"", ""asset_category"": ""Car"", ""quantity"": 1, ""size_value"": null, ""size_unit"": null, ""size_band"": null, ""details"": null}]",[],POVERTY,e0000000-0000-4000-8000-000000000001,cr0056,,3.11,2026-04-01 10:00:56
h057,HH-0057,i0296,Angie Hill,FEMALE_HEADED,4,3,0,1,0,1,3,kamuntu,chakula,makali,mwali,biluni,16.4928,71.5427,83,64AB+15,011 Barber Points,Sector 9,000296,KM,PERMANENT,METAL_SHEET,BRICK,EARTH,RENTED,SPRING,43,SHARED,SOLAR,OTHER,"[{""asset_type"": ""PRODUCTIVE"", ""asset_category"": ""Sewing Machine"", ""quantity"": 4, ""size_value"": null, ""size_unit"": null, ""size_band"": null, ""details"": null}, {""asset_type"": ""PRODUCTIVE"", ""asset_category"": ""Water Pump"", ""quantity"": 5, ""size_value"": null, ""size_unit"": null, ""size_band"": null, ""details"": null}, {""asset_type"": ""VEHICLE"", ""asset_category"": ""Car"", ""quantity"": 5, ""size_value"": null, ""size_unit"": null, ""size_band"": null, ""details"": ""{\""condition\"": \""working\""}""}, {""asset_type"": ""PRODUCTIVE"", ""asset_category"": ""Sewing Machine"", ""quantity"": 5, ""size_value"": null, ""size_unit"": null, ""size_band"": null, ""details"": ""{\""condition\"": \""working\""}""}]",[],POVERTY,e0000000-0000-4000-8000-000000000001,cr0057,,1.58,2026-04-01 10:00:57
h058,HH-0058,i0300,Brandon Nunez,MALE_HEADED,3,2,1,0,0,1,2,kamuntu,chakula,mfumo,wimbo,bilozo,16.7903,65.7495,60,67AB+57,94237 Jimmy Garden Suite 333,Sector 4,000300,KM,SEMI_PERMANENT,THATCH,MUD_BRICK,CEMENT,RENTED,SPRING,35,FLUSH_TOILET,KEROSENE,ELECTRICITY,"[{""asset_type"": ""VEHICLE"", ""asset_category"": ""Bicycle"", ""quantity"": 4, ""size_value"": null, ""size_unit"": null, ""size_band"": null, ""details"": ""{\""condition\"": \""working\""}""}, {""asset_type"": ""CONSUMER_DURABLE"", ""asset_category"": ""Television"", ""quantity"": 2, ""size_value"": null, ""size_unit"": null, ""size_band"": null, ""details"": null}, {""asset_type"": ""CONSUMER_DURABLE"", ""asset_category"": ""Television"", ""quantity"": 2, ""size_value"": null, ""size_unit"": null, ""size_band"": null, ""details"": null}, {""asset_type"": ""VEHICLE"", ""asset_category"": ""Motorcycle"", ""quantity"": 4, ""size_value"": null, ""size_unit"": null, ""size_band"": null, ""details"": ""{\""condition\"": \""working\""}""}]","[{""program_name"": ""PROG_HH_SAFETY_NET"", ""program_start_date"": ""2024-03-25"", ""program_exit_date"": null}, {""program_name"": ""PROG_HH_LIVELIHOOD"", ""program_start_date"": ""2024-02-27"", ""program_exit_date"": null}]",POVERTY,e0000000-0000-4000-8000-000000000001,cr0058,,3.6,2026-04-01 10:00:58
h059,HH-0059,i0303,Ashlee Ward,FEMALE_HEADED,3,2,0,1,0,2,1,kamuntu,chakula,njia,barafu,biluho,15.4701,66.5262,119,54AB+65,84347 Diaz Parks Suite 365,Sector 7,000303,KM,PERMANENT,METAL_SHEET,BRICK,EARTH,OWNED,PIPED,35,SHARED,SOLAR,OTHER,[],[],POVERTY,e0000000-0000-4000-8000-000000000001,cr0059,,4.76,2026-04-01 10:00:59
h060,HH-0060,i0306,David Garrison,MALE_HEADED,3,3,0,0,0,1,2,kamuntu,chakula,makali,tano,biluri,13.3005,68.2978,246,33AB+82,1203 Woods Roads,Sector 1,000306,KM,TEMPORARY,TILE,BAMBOO,EARTH,HOSTED,SPRING,25,SHARED,SOLAR,FIREWOOD,"[{""asset_type"": ""CONSUMER_DURABLE"", ""asset_category"": ""Mobile Phone"", ""quantity"": 1, ""size_value"": null, ""size_unit"": null, ""size_band"": null, ""details"": null}, {""asset_type"": ""CONSUMER_DURABLE"", ""asset_category"": ""Television"", ""quantity"": 1, ""size_value"": null, ""size_unit"": null, ""size_band"": null, ""details"": null}, {""asset_type"": ""VEHICLE"", ""asset_category"": ""Car"", ""quantity"": 5, ""size_value"": null, ""size_unit"": null, ""size_band"": null, ""details"": null}, {""asset_type"": ""VEHICLE"", ""asset_category"": ""Car"", ""quantity"": 3, ""size_value"": null, ""size_unit"": null, ""size_band"": null, ""details"": null}, {""asset_type"": ""CONSUMER_DURABLE"", ""asset_category"": ""Radio"", ""quantity"": 1, ""size_value"": null, ""size_unit"": null, ""size_band"": null, ""details"": null}]",[],POVERTY,e0000000-0000-4000-8000-000000000001,cr0060,,4.17,2026-04-01 10:01:00
h061,HH-0061,i0309,Jennifer White,FEMALE_HEADED,3,3,0,0,1,2,1,kamuntu,kilima,karamu,hasara,biloto,12.9157,68.86,73,29AB+88,34132 Garcia Circles,Sector 4,000309,KM,SEMI_PERMANENT,METAL_SHEET,MUD_BRICK,CEMENT,RENTED,PUBLIC_TAP,16,FLUSH_TOILET,GRID,FIREWOOD,"[{""asset_type"": ""PRODUCTIVE"", ""asset_category"": ""Sewing Machine"", ""quantity"": 2, ""size_value"": null, ""size_unit"": null, ""size_band"": null, ""details"": null}]",[],POVERTY,e0000000-0000-4000-8000-000000000001,cr0061,,1.74,2026-04-01 10:01:01
h062,HH-0062,i0312,Joseph Stout,MALE_HEADED,3,2,0,1,1,1,2,kamuntu,jasiri,simba,walizo,bilutu,16.8727,69.8637,200,68AB+98,5642 Smith Pike Apt. 547,Sector 7,000312,KM,PERMANENT,TILE,BRICK,TILE,OWNED,PUBLIC_TAP,10,SHARED,GRID,ELECTRICITY,"[{""asset_type"": ""PRODUCTIVE"", ""asset_category"": ""Plough"", ""quantity"": 2, ""size_value"": null, ""size_unit"": null, ""size_band"": null, ""details"": null}, {""asset_type"": ""CONSUMER_DURABLE"", ""asset_category"": ""Radio"", ""quantity"": 3, ""size_value"": null, ""size_unit"": null, ""size_band"": null, ""details"": ""{\""condition\"": \""working\""}""}, {""asset_type"": ""VEHICLE"", ""asset_category"": ""Motorcycle"", ""quantity"": 3, ""size_value"": null, ""size_unit"": null, ""size_band"": null, ""details"": null}]","[{""program_name"": ""PROG_HH_NUTRITION"", ""program_start_date"": ""2024-10-18"", ""program_exit_date"": null}]",POVERTY,e0000000-0000-4000-8000-000000000001,cr0062,,3.23,2026-04-01 10:01:02
h063,HH-0063,i0315,Jennifer Castaneda,FEMALE_HEADED,3,3,0,0,1,1,2,kamuntu,faraja,zawadi,kupiga,biliha,18.347,67.2953,84,83AB+72,9735 Edwin Place Apt. 214,Sector 1,000315,KM,PERMANENT,THATCH,STONE,TILE,RENTED,PIPED,30,FLUSH_TOILET,SOLAR,ELECTRICITY,[],"[{""program_name"": ""PROG_HH_SAFETY_NET"", ""program_start_date"": ""2025-05-03"", ""program_exit_date"": null}, {""program_name"": ""PROG_HH_LIVELIHOOD"", ""program_start_date"": ""2025-08-10"", ""program_exit_date"": null}]",POVERTY,e0000000-0000-4000-8000-000000000001,cr0063,,2.13,2026-04-01 10:01:03
h064,HH-0064,i0318,Catherine Huang,FEMALE_HEADED,3,2,0,1,0,1,2,kamuntu,jasiri,baraka,walili,bimaua,15.4445,65.497,101,54AB+54,7303 Moss Court,Sector 4,000318,KM,TEMPORARY,THATCH,BRICK,TILE,HOSTED,SPRING,6,SHARED,KEROSENE,OTHER,"[{""asset_type"": ""CONSUMER_DURABLE"", ""asset_category"": ""Mobile Phone"", ""quantity"": 5, ""size_value"": null, ""size_unit"": null, ""size_band"": null, ""details"": null}, {""asset_type"": ""PRODUCTIVE"", ""asset_category"": ""Plough"", ""quantity"": 4, ""size_value"": null, ""size_unit"": null, ""size_band"": null, ""details"": null}, {""asset_type"": ""CONSUMER_DURABLE"", ""asset_category"": ""Refrigerator"", ""quantity"": 3, ""size_value"": null, ""size_unit"": null, ""size_band"": null, ""details"": null}, {""asset_type"": ""VEHICLE"", ""asset_category"": ""Car"", ""quantity"": 1, ""size_value"": null, ""size_unit"": null, ""size_band"": null, ""details"": null}]","[{""program_name"": ""PROG_HH_LIVELIHOOD"", ""program_start_date"": ""2024-02-15"", ""program_exit_date"": null}, {""program_name"": ""PROG_HH_NUTRITION"", ""program_start_date"": ""2025-03-01"", ""program_exit_date"": null}]",POVERTY,e0000000-0000-4000-8000-000000000001,cr0064,,1.13,2026-04-01 10:01:04
h065,HH-0065,i0321,Alexa Williams,FEMALE_HEADED,3,3,0,0,0,1,2,kamuntu,faraja,zawadi,kuweza,biliza,17.1844,67.1303,272,71AB+71,925 John Parks Apt. 950,Sector 7,000321,KM,TEMPORARY,THATCH,MUD_BRICK,TILE,RENTED,PIPED,40,FLUSH_TOILET,GRID,OTHER,[],"[{""program_name"": ""PROG_HH_LIVELIHOOD"", ""program_start_date"": ""2023-12-22"", ""program_exit_date"": null}, {""program_name"": ""PROG_HH_NUTRITION"", ""program_start_date"": ""2025-03-04"", ""program_exit_date"": null}]",POVERTY,e0000000-0000-4000-8000-000000000001,cr0065,,4.77,2026-04-01 10:01:05
h066,HH-0066,i0324,Thomas Casey Spencer,MALE_HEADED,3,3,0,0,2,2,1,kamuntu,chakula,njia,wingu,bilufu,17.839,67.815,68,78AB+78,4485 Smith Route,Sector 1,000324,KM,TEMPORARY,METAL_SHEET,MUD_BRICK,EARTH,RENTED,WELL,40,FLUSH_TOILET,KEROSENE,ELECTRICITY,"[{""asset_type"": ""PRODUCTIVE"", ""asset_category"": ""Sewing Machine"", ""quantity"": 5, ""size_value"": null, ""size_unit"": null, ""size_band"": null, ""details"": null}, {""asset_type"": ""VEHICLE"", ""asset_category"": ""Motorcycle"", ""quantity"": 2, ""size_value"": null, ""size_unit"": null, ""size_band"": null, ""details"": null}]","[{""program_name"": ""PROG_HH_NUTRITION"", ""program_start_date"": ""2024-11-22"", ""program_exit_date"": null}, {""program_name"": ""PROG_HH_LIVELIHOOD"", ""program_start_date"": ""2025-04-18"", ""program_exit_date"": null}]",POVERTY,e0000000-0000-4000-8000-000000000001,cr0066,,3.86,2026-04-01 10:01:06
h067,HH-0067,i0327,Andrew Pace,MALE_HEADED,3,3,0,0,0,1,2,kamuntu,faraja,zawadi,kuweza,bilixi,11.5857,65.6324,56,15AB+56,31731 Ashley Villages,Sector 4,000327,KM,SEMI_PERMANENT,THATCH,BAMBOO,EARTH,OWNED,SPRING,44,PIT_LATRINE,SOLAR,ELECTRICITY,"[{""asset_type"": ""CONSUMER_DURABLE"", ""asset_category"": ""Radio"", ""quantity"": 4, ""size_value"": null, ""size_unit"": null, ""size_band"": null, ""details"": null}]",[],POVERTY,e0000000-0000-4000-8000-000000000001,cr0067,,1.69,2026-04-01 10:01:07
h068,HH-0068,i0330,James Lee,MALE_HEADED,3,3,0,0,1,1,2,kamuntu,kilima,pembe,soko,bertu,16.8108,71.8151,153,68AB+18,195 Park Meadow Apt. 228,Sector 7,000330,KM,TEMPORARY,METAL_SHEET,BAMBOO,TILE,RENTED,PIPED,34,SHARED,KEROSENE,GAS,"[{""asset_type"": ""PRODUCTIVE"", ""asset_category"": ""Water Pump"", ""quantity"": 5, ""size_value"": null, ""size_unit"": null, ""size_band"": null, ""details"": null}]","[{""program_name"": ""PROG_HH_NUTRITION"", ""program_start_date"": ""2023-04-12"", ""program_exit_date"": null}, {""program_name"": ""PROG_HH_SAFETY_NET"", ""program_start_date"": ""2023-07-09"", ""program_exit_date"": null}]",POVERTY,e0000000-0000-4000-8000-000000000001,cr0068,,1.19,2026-04-01 10:01:08
h069,HH-0069,i0333,Victoria Lewis,FEMALE_HEADED,3,3,0,0,2,1,2,kamuntu,chakula,mfumo,nguvu,bilubu,14.1642,66.2173,150,41AB+62,07522 Richardson Prairie,Sector 1,000333,KM,PERMANENT,METAL_SHEET,MUD_BRICK,EARTH,RENTED,WELL,45,SHARED,SOLAR,GAS,"[{""asset_type"": ""VEHICLE"", ""asset_category"": ""Bicycle"", ""quantity"": 2, ""size_value"": null, ""size_unit"": null, ""size_band"": null, ""details"": ""{\""condition\"": \""working\""}""}]",[],POVERTY,e0000000-0000-4000-8000-000000000001,cr0069,,2.51,2026-04-01 10:01:09
h070,HH-0070,i0336,Joseph Annette Flores,MALE_HEADED,3,3,0,0,1,2,1,kamuntu,chakula,njia,barafu,biluhi,16.3516,70.3206,199,63AB+03,9981 Ryan Turnpike Suite 225,Sector 4,000336,KM,PERMANENT,THATCH,MUD_BRICK,EARTH,RENTED,WELL,32,SHARED,GRID,GAS,"[{""asset_type"": ""PRODUCTIVE"", ""asset_category"": ""Sewing Machine"", ""quantity"": 3, ""size_value"": null, ""size_unit"": null, ""size_band"": null, ""details"": null}, {""asset_type"": ""PRODUCTIVE"", ""asset_category"": ""Sewing Machine"", ""quantity"": 2, ""size_value"": null, ""size_unit"": null, ""size_band"": null, ""details"": ""{\""condition\"": \""working\""}""}, {""asset_type"": ""PRODUCTIVE"", ""asset_category"": ""Plough"", ""quantity"": 1, ""size_value"": null, ""size_unit"": null, ""size_band"": null, ""details"": ""{\""condition\"": \""working\""}""}, {""asset_type"": ""PRODUCTIVE"", ""asset_category"": ""Plough"", ""quantity"": 5, ""size_value"": null, ""size_unit"": null, ""size_band"": null, ""details"": ""{\""condition\"": \""working\""}""}, {""asset_type"": ""PRODUCTIVE"", ""asset_category"": ""Sewing Machine"", ""quantity"": 1, ""size_value"": null, ""size_unit"": null, ""size_band"": null, ""details"": ""{\""condition\"": \""working\""}""}]",[],POVERTY,e0000000-0000-4000-8000-000000000001,cr0070,,3.79,2026-04-01 10:01:10
h071,HH-0071,i0339,Randy Jackson,MALE_HEADED,3,2,0,1,0,1,2,kamuntu,chakula,mfumo,changa,bilowu,13.2669,69.2113,59,32AB+92,33521 Jodi Gardens Apt. 405,Sector 7,000339,KM,TEMPORARY,TILE,STONE,EARTH,RENTED,SPRING,12,PIT_LATRINE,GRID,ELECTRICITY,"[{""asset_type"": ""PRODUCTIVE"", ""asset_category"": ""Plough"", ""quantity"": 3, ""size_value"": null, ""size_unit"": null, ""size_band"": null, ""details"": null}]","[{""program_name"": ""PROG_HH_NUTRITION"", ""program_start_date"": ""2023-12-16"", ""program_exit_date"": null}]",POVERTY,e0000000-0000-4000-8000-000000000001,cr0071,,4.0,2026-04-01 10:01:11
h072,HH-0072,i0342,Rachel Brian Williamson,FEMALE_HEADED,3,3,0,0,0,1,2,kamuntu,jasiri,mapema,tahini,bimbez,17.7543,68.7707,282,77AB+87,64510 Dillon Run,Sector 1,000342,KM,PERMANENT,METAL_SHEET,BRICK,CEMENT,RENTED,PUBLIC_TAP,27,FLUSH_TOILET,SOLAR,GAS,"[{""asset_type"": ""VEHICLE"", ""asset_category"": ""Bicycle"", ""quantity"": 5, ""size_value"": null, ""size_unit"": null, ""size_band"": null, ""details"": null}, {""asset_type"": ""CONSUMER_DURABLE"", ""asset_category"": ""Mobile Phone"", ""quantity"": 5, ""size_value"": null, ""size_unit"": null, ""size_band"": null, ""details"": null}]","[{""program_name"": ""PROG_HH_NUTRITION"", ""program_start_date"": ""2024-09-17"", ""program_exit_date"": null}, {""program_name"": ""PROG_HH_SAFETY_NET"", ""program_start_date"": ""2025-07-18"", ""program_exit_date"": null}]",POVERTY,e0000000-0000-4000-8000-000000000001,cr0072,,1.12,2026-04-01 10:01:12
h073,HH-0073,i0345,Mary Miller,FEMALE_HEADED,3,3,0,0,0,1,2,kamuntu,chakula,njia,joto,biluha,14.1366,65.1277,214,41AB+51,3926 Browning Isle,Sector 4,000345,KM,TEMPORARY,METAL_SHEET,BRICK,TILE,OWNED,PIPED,8,FLUSH_TOILET,SOLAR,OTHER,[],[],POVERTY,e0000000-0000-4000-8000-000000000001,cr0073,,3.7,2026-04-01 10:01:13
h074,HH-0074,i0348,Jonathan Jennifer Jacobs,MALE_HEADED,3,2,0,1,0,1,2,kamuntu,kilima,nyani,pika,biliki,17.3024,65.2643,166,73AB+52,33060 Clements Forges,Sector 7,000348,KM,TEMPORARY,TARPAULIN,BAMBOO,TILE,OWNED,WELL,45,PIT_LATRINE,KEROSENE,ELECTRICITY,[],"[{""program_name"": ""PROG_HH_LIVELIHOOD"", ""program_start_date"": ""2023-12-23"", ""program_exit_date"": null}, {""program_name"": ""PROG_HH_NUTRITION"", ""program_start_date"": ""2023-08-14"", ""program_exit_date"": null}]",POVERTY,e0000000-0000-4000-8000-000000000001,cr0074,,2.73,2026-04-01 10:01:14
h075,HH-0075,i0351,Kelly Foster,FEMALE_HEADED,3,1,1,1,0,2,1,kamuntu,faraja,asilani,mapicho,bedui,14.0777,70.0533,269,40AB+00,47644 Jackson Hill,Sector 1,000351,KM,TEMPORARY,TILE,BAMBOO,EARTH,RENTED,PIPED,7,SHARED,KEROSENE,CHARCOAL,"[{""asset_type"": ""VEHICLE"", ""asset_category"": ""Bicycle"", ""quantity"": 4, ""size_value"": null, ""size_unit"": null, ""size_band"": null, ""details"": null}, {""asset_type"": ""CONSUMER_DURABLE"", ""asset_category"": ""Mobile Phone"", ""quantity"": 1, ""size_value"": null, ""size_unit"": null, ""size_band"": null, ""details"": null}]","[{""program_name"": ""PROG_HH_LIVELIHOOD"", ""program_start_date"": ""2025-11-22"", ""program_exit_date"": null}, {""program_name"": ""PROG_HH_NUTRITION"", ""program_start_date"": ""2024-10-17"", ""program_exit_date"": null}]",POVERTY,e0000000-0000-4000-8000-000000000001,cr0075,,5.0,2026-04-01 10:01:15
h076,HH-0076,i0354,Anna Mccarthy,FEMALE_HEADED,3,3,0,0,1,1,2,kamuntu,faraja,asilani,usawa,baadhi,13.0154,67.0207,138,30AB+70,86892 Pierce Cape Apt. 592,Sector 4,000354,KM,SEMI_PERMANENT,METAL_SHEET,BRICK,EARTH,OWNED,PUBLIC_TAP,35,PIT_LATRINE,SOLAR,ELECTRICITY,"[{""asset_type"": ""PRODUCTIVE"", ""asset_category"": ""Sewing Machine"", ""quantity"": 2, ""size_value"": null, ""size_unit"": null, ""size_band"": null, ""details"": null}, {""asset_type"": ""PRODUCTIVE"", ""asset_category"": ""Water Pump"", ""quantity"": 5, ""size_value"": null, ""size_unit"": null, ""size_band"": null, ""details"": null}, {""asset_type"": ""CONSUMER_DURABLE"", ""asset_category"": ""Refrigerator"", ""quantity"": 3, ""size_value"": null, ""size_unit"": null, ""size_band"": null, ""details"": null}, {""asset_type"": ""VEHICLE"", ""asset_category"": ""Bicycle"", ""quantity"": 1, ""size_value"": null, ""size_unit"": null, ""size_band"": null, ""details"": null}, {""asset_type"": ""CONSUMER_DURABLE"", ""asset_category"": ""Television"", ""quantity"": 2, ""size_value"": null, ""size_unit"": null, ""size_band"": null, ""details"": null}]","[{""program_name"": ""PROG_HH_NUTRITION"", ""program_start_date"": ""2023-04-10"", ""program_exit_date"": null}, {""program_name"": ""PROG_HH_LIVELIHOOD"", ""program_start_date"": ""2023-06-04"", ""program_exit_date"": null}]",POVERTY,e0000000-0000-4000-8000-000000000001,cr0076,,3.14,2026-04-01 10:01:16
h077,HH-0077,i0357,Amber Hernandez,FEMALE_HEADED,3,3,0,0,0,1,2,kamuntu,jasiri,mapema,ujinga,bimbeo,13.3611,67.4451,288,33AB+74,20994 Knapp Causeway Apt. 622,Sector 7,000357,KM,TEMPORARY,TILE,MUD_BRICK,EARTH,OWNED,SPRING,8,PIT_LATRINE,SOLAR,ELECTRICITY,"[{""asset_type"": ""CONSUMER_DURABLE"", ""asset_category"": ""Radio"", ""quantity"": 4, ""size_value"": null, ""size_unit"": null, ""size_band"": null, ""details"": null}, {""asset_type"": ""VEHICLE"", ""asset_category"": ""Bicycle"", ""quantity"": 5, ""size_value"": null, ""size_unit"": null, ""size_band"": null, ""details"": null}, {""asset_type"": ""VEHICLE"", ""asset_category"": ""Motorcycle"", ""quantity"": 3, ""size_value"": null, ""size_unit"": null, ""size_band"": null, ""details"": ""{\""condition\"": \""working\""}""}, {""asset_type"": ""CONSUMER_DURABLE"", ""asset_category"": ""Mobile Phone"", ""quantity"": 3, ""size_value"": null, ""size_unit"": null, ""size_band"": null, ""details"": null}, {""asset_type"": ""VEHICLE"", ""asset_category"": ""Motorcycle"", ""quantity"": 2, ""size_value"": null, ""size_unit"": null, ""size_band"": null, ""details"": ""{\""condition\"": \""working\""}""}]","[{""program_name"": ""PROG_HH_LIVELIHOOD"", ""program_start_date"": ""2023-02-27"", ""program_exit_date"": null}]",POVERTY,e0000000-0000-4000-8000-000000000001,cr0077,,2.7,2026-04-01 10:01:17
h078,HH-0078,i0360,Lisa French,FEMALE_HEADED,3,3,0,0,0,2,1,kamuntu,faraja,zawadi,kusikia,biliwa,11.823,70.7875,116,18AB+07,99787 Morton Ridge Apt. 430,Sector 1,000360,KM,TEMPORARY,METAL_SHEET,STONE,TILE,OWNED,PUBLIC_TAP,28,PIT_LATRINE,KEROSENE,CHARCOAL,"[{""asset_type"": ""VEHICLE"", ""asset_category"": ""Bicycle"", ""quantity"": 2, ""size_value"": null, ""size_unit"": null, ""size_band"": null, ""details"": null}]","[{""program_name"": ""PROG_HH_SAFETY_NET"", ""program_start_date"": ""2024-06-11"", ""program_exit_date"": null}]",POVERTY,e0000000-0000-4000-8000-000000000001,cr0078,,2.18,2026-04-01 10:01:18
h079,HH-0079,i0363,Erin Morgan,FEMALE_HEADED,3,2,0,1,0,2,1,kamuntu,jasiri,baraka,walili,bimava,12.4848,67.4693,222,24AB+74,0272 Mcclain Plain Suite 760,Sector 4,000363,KM,SEMI_PERMANENT,THATCH,MUD_BRICK,EARTH,HOSTED,PUBLIC_TAP,2,FLUSH_TOILET,GRID,ELECTRICITY,"[{""asset_type"": ""VEHICLE"", ""asset_category"": ""Bicycle"", ""quantity"": 3, ""size_value"": null, ""size_unit"": null, ""size_band"": null, ""details"": ""{\""condition\"": \""working\""}""}, {""asset_type"": ""CONSUMER_DURABLE"", ""asset_category"": ""Radio"", ""quantity"": 3, ""size_value"": null, ""size_unit"": null, ""size_band"": null, ""details"": ""{\""condition\"": \""working\""}""}, {""asset_type"": ""PRODUCTIVE"", ""asset_category"": ""Sewing Machine"", ""quantity"": 2, ""size_value"": null, ""size_unit"": null, ""size_band"": null, ""details"": null}]",[],POVERTY,e0000000-0000-4000-8000-000000000001,cr0079,,2.65,2026-04-01 10:01:19
h080,HH-0080,i0366,Cindy Turner,FEMALE_HEADED,3,3,0,0,1,2,1,kamuntu,kilima,pembe,upande,bigny,14.8771,71.8715,279,48AB+18,0317 Lauren Parkway,Sector 7,000366,KM,PERMANENT,THATCH,MUD_BRICK,CEMENT,HOSTED,PIPED,28,FLUSH_TOILET,SOLAR,ELECTRICITY,[],"[{""program_name"": ""PROG_HH_SAFETY_NET"", ""program_start_date"": ""2025-04-01"", ""program_exit_date"": null}]",POVERTY,e0000000-0000-4000-8000-000000000001,cr0080,,1.66,2026-04-01 10:01:20
h081,HH-0081,i0369,Kirsten Nelson,FEMALE_HEADED,3,3,0,0,0,2,1,kamuntu,kilima,pembe,wingi,bieke,12.9314,71.9221,255,29AB+19,702 Thomas Spring Apt. 160,Sector 1,000369,KM,PERMANENT,METAL_SHEET,MUD_BRICK,TILE,OWNED,SPRING,42,PIT_LATRINE,SOLAR,CHARCOAL,"[{""asset_type"": ""VEHICLE"", ""asset_category"": ""Car"", ""quantity"": 5, ""size_value"": null, ""size_unit"": null, ""size_band"": null, ""details"": null}, {""asset_type"": ""VEHICLE"", ""asset_category"": ""Car"", ""quantity"": 1, ""size_value"": null, ""size_unit"": null, ""size_band"": null, ""details"": null}, {""asset_type"": ""VEHICLE"", ""asset_category"": ""Motorcycle"", ""quantity"": 4, ""size_value"": null, ""size_unit"": null, ""size_band"": null, ""details"": null}]","[{""program_name"": ""PROG_HH_SAFETY_NET"", ""program_start_date"": ""2023-01-09"", ""program_exit_date"": null}]",POVERTY,e0000000-0000-4000-8000-000000000001,cr0081,,2.52,2026-04-01 10:01:21
h082,HH-0082,i0372,Kenneth Romero,MALE_HEADED,3,3,0,0,0,1,2,kamuntu,faraja,sihaya,kusoma,bieke,13.8655,67.8973,174,38AB+78,158 Laura Place Suite 696,Sector 4,000372,KM,SEMI_PERMANENT,METAL_SHEET,MUD_BRICK,CEMENT,OWNED,WELL,26,PIT_LATRINE,SOLAR,CHARCOAL,"[{""asset_type"": ""VEHICLE"", ""asset_category"": ""Motorcycle"", ""quantity"": 1, ""size_value"": null, ""size_unit"": null, ""size_band"": null, ""details"": ""{\""condition\"": \""working\""}""}, {""asset_type"": ""VEHICLE"", ""asset_category"": ""Car"", ""quantity"": 5, ""size_value"": null, ""size_unit"": null, ""size_band"": null, ""details"": ""{\""condition\"": \""working\""}""}, {""asset_type"": ""VEHICLE"", ""asset_category"": ""Bicycle"", ""quantity"": 5, ""size_value"": null, ""size_unit"": null, ""size_band"": null, ""details"": null}]","[{""program_name"": ""PROG_HH_LIVELIHOOD"", ""program_start_date"": ""2024-10-06"", ""program_exit_date"": null}, {""program_name"": ""PROG_HH_NUTRITION"", ""program_start_date"": ""2023-11-16"", ""program_exit_date"": null}]",POVERTY,e0000000-0000-4000-8000-000000000001,cr0082,,4.01,2026-04-01 10:01:22
h083,HH-0083,i0375,Joseph Price,MALE_HEADED,3,3,0,0,0,2,1,kamuntu,faraja,asilani,usawa,asaante,15.9962,65.9855,217,59AB+59,35494 Robbins Key Apt. 909,Sector 7,000375,KM,SEMI_PERMANENT,METAL_SHEET,BAMBOO,EARTH,OWNED,PIPED,29,FLUSH_TOILET,SOLAR,OTHER,"[{""asset_type"": ""PRODUCTIVE"", ""asset_category"": ""Sewing Machine"", ""quantity"": 4, ""size_value"": null, ""size_unit"": null, ""size_band"": null, ""details"": null}, {""asset_type"": ""CONSUMER_DURABLE"", ""asset_category"": ""Television"", ""quantity"": 1, ""size_value"": null, ""size_unit"": null, ""size_band"": null, ""details"": null}, {""asset_type"": ""CONSUMER_DURABLE"", ""asset_category"": ""Radio"", ""quantity"": 2, ""size_value"": null, ""size_unit"": null, ""size_band"": null, ""details"": null}, {""asset_type"": ""CONSUMER_DURABLE"", ""asset_category"": ""Radio"", ""quantity"": 1, ""size_value"": null, ""size_unit"": null, ""size_band"": null, ""details"": null}, {""asset_type"": ""VEHICLE"", ""asset_category"": ""Car"", ""quantity"": 2, ""size_value"": null, ""size_unit"": null, ""size_band"": null, ""details"": null}]",[],POVERTY,e0000000-0000-4000-8000-000000000001,cr0083,,1.66,2026-04-01 10:01:23
h084,HH-0084,i0378,Donna Salas,FEMALE_HEADED,3,2,0,1,0,1,2,kamuntu,chakula,makali,mwali,biluni,16.5066,71.496,127,65AB+14,762 Derrick Valley,Sector 1,000378,KM,SEMI_PERMANENT,METAL_SHEET,BAMBOO,TILE,RENTED,PUBLIC_TAP,44,SHARED,KEROSENE,GAS,"[{""asset_type"": ""PRODUCTIVE"", ""asset_category"": ""Sewing Machine"", ""quantity"": 3, ""size_value"": null, ""size_unit"": null, ""size_band"": null, ""details"": ""{\""condition\"": \""working\""}""}, {""asset_type"": ""CONSUMER_DURABLE"", ""asset_category"": ""Refrigerator"", ""quantity"": 4, ""size_value"": null, ""size_unit"": null, ""size_band"": null, ""details"": null}, {""asset_type"": ""VEHICLE"", ""asset_category"": ""Car"", ""quantity"": 2, ""size_value"": null, ""size_unit"": null, ""size_band"": null, ""details"": ""{\""condition\"": \""working\""}""}, {""asset_type"": ""CONSUMER_DURABLE"", ""asset_category"": ""Refrigerator"", ""quantity"": 5, ""size_value"": null, ""size_unit"": null, ""size_band"": null, ""details"": ""{\""condition\"": \""working\""}""}, {""asset_type"": ""PRODUCTIVE"", ""asset_category"": ""Sewing Machine"", ""quantity"": 3, ""size_value"": null, ""size_unit"": null, ""size_band"": null, ""details"": ""{\""condition\"": \""working\""}""}]",[],POVERTY,e0000000-0000-4000-8000-000000000001,cr0084,,3.13,2026-04-01 10:01:24
h085,HH-0085,i0381,Paula Harrison,FEMALE_HEADED,3,3,0,0,0,2,1,kamuntu,kilima,karamu,uzima,billyu,12.495,69.5435,97,24AB+95,565 Roberts Camp Suite 940,Sector 4,000381,KM,TEMPORARY,TARPAULIN,MUD_BRICK,CEMENT,HOSTED,WELL,31,PIT_LATRINE,KEROSENE,GAS,"[{""asset_type"": ""VEHICLE"", ""asset_category"": ""Bicycle"", ""quantity"": 5, ""size_value"": null, ""size_unit"": null, ""size_band"": null, ""details"": null}, {""asset_type"": ""VEHICLE"", ""asset_category"": ""Bicycle"", ""quantity"": 4, ""size_value"": null, ""size_unit"": null, ""size_band"": null, ""details"": null}, {""asset_type"": ""PRODUCTIVE"", ""asset_category"": ""Water Pump"", ""quantity"": 3, ""size_value"": null, ""size_unit"": null, ""size_band"": null, ""details"": ""{\""condition\"": \""working\""}""}]","[{""program_name"": ""PROG_HH_SAFETY_NET"", ""program_start_date"": ""2024-11-16"", ""program_exit_date"": null}]",POVERTY,e0000000-0000-4000-8000-000000000001,cr0085,,2.47,2026-04-01 10:01:25
h086,HH-0086,i0384,Randy Young,MALE_HEADED,3,3,0,0,1,2,1,kamuntu,faraja,zawadi,kujua,bilina,17.7059,69.7628,240,77AB+97,239 Brown Greens Apt. 027,Sector 7,000384,KM,PERMANENT,THATCH,BAMBOO,TILE,RENTED,WELL,42,PIT_LATRINE,KEROSENE,ELECTRICITY,"[{""asset_type"": ""VEHICLE"", ""asset_category"": ""Bicycle"", ""quantity"": 5, ""size_value"": null, ""size_unit"": null, ""size_band"": null, ""details"": null}, {""asset_type"": ""CONSUMER_DURABLE"", ""asset_category"": ""Refrigerator"", ""quantity"": 2, ""size_value"": null, ""size_unit"": null, ""size_band"": null, ""details"": null}, {""asset_type"": ""VEHICLE"", ""asset_category"": ""Car"", ""quantity"": 5, ""size_value"": null, ""size_unit"": null, ""size_band"": null, ""details"": null}, {""asset_type"": ""VEHICLE"", ""asset_category"": ""Car"", ""quantity"": 5, ""size_value"": null, ""size_unit"": null, ""size_band"": null, ""details"": ""{\""condition\"": \""working\""}""}]","[{""program_name"": ""PROG_HH_SAFETY_NET"", ""program_start_date"": ""2025-11-26"", ""program_exit_date"": null}, {""program_name"": ""PROG_HH_NUTRITION"", ""program_start_date"": ""2025-11-16"", ""program_exit_date"": null}]",POVERTY,e0000000-0000-4000-8000-000000000001,cr0086,,3.86,2026-04-01 10:01:26
h087,HH-0087,i0387,Sandra Connor Smith,FEMALE_HEADED,3,3,0,0,0,2,1,kamuntu,chakula,mfumo,haraka,bilovi,18.7345,65.7401,252,87AB+57,3009 Brian Ranch Apt. 911,Sector 1,000387,KM,TEMPORARY,METAL_SHEET,MUD_BRICK,CEMENT,OWNED,SPRING,13,SHARED,KEROSENE,GAS,"[{""asset_type"": ""PRODUCTIVE"", ""asset_category"": ""Sewing Machine"", ""quantity"": 1, ""size_value"": null, ""size_unit"": null, ""size_band"": null, ""details"": null}, {""asset_type"": ""CONSUMER_DURABLE"", ""asset_category"": ""Mobile Phone"", ""quantity"": 5, ""size_value"": null, ""size_unit"": null, ""size_band"": null, ""details"": null}, {""asset_type"": ""PRODUCTIVE"", ""asset_category"": ""Water Pump"", ""quantity"": 4, ""size_value"": null, ""size_unit"": null, ""size_band"": null, ""details"": null}, {""asset_type"": ""CONSUMER_DURABLE"", ""asset_category"": ""Radio"", ""quantity"": 1, ""size_value"": null, ""size_unit"": null, ""size_band"": null, ""details"": null}]","[{""program_name"": ""PROG_HH_NUTRITION"", ""program_start_date"": ""2025-08-04"", ""program_exit_date"": null}]",POVERTY,e0000000-0000-4000-8000-000000000001,cr0087,,4.29,2026-04-01 10:01:27
h088,HH-0088,i0390,Matthew Rodriguez,MALE_HEADED,3,2,0,1,0,1,2,kamuntu,kilima,nyani,shimo,bilini,10.7457,66.7376,111,07AB+67,410 Chad Stream Suite 707,Sector 4,000390,KM,PERMANENT,METAL_SHEET,MUD_BRICK,EARTH,RENTED,PUBLIC_TAP,45,FLUSH_TOILET,SOLAR,OTHER,"[{""asset_type"": ""PRODUCTIVE"", ""asset_category"": ""Water Pump"", ""quantity"": 1, ""size_value"": null, ""size_unit"": null, ""size_band"": null, ""details"": null}]",[],POVERTY,e0000000-0000-4000-8000-000000000001,cr0088,,1.54,2026-04-01 10:01:28
h089,HH-0089,i0393,Angela Stevens,FEMALE_HEADED,3,2,0,1,0,1,2,kamuntu,jasiri,baraka,umani,bimala,15.6313,71.7221,217,56AB+17,346 Crystal Knolls Suite 173,Sector 7,000393,KM,PERMANENT,TILE,BAMBOO,TILE,HOSTED,PUBLIC_TAP,25,SHARED,KEROSENE,ELECTRICITY,"[{""asset_type"": ""VEHICLE"", ""asset_category"": ""Bicycle"", ""quantity"": 1, ""size_value"": null, ""size_unit"": null, ""size_band"": null, ""details"": null}, {""asset_type"": ""VEHICLE"", ""asset_category"": ""Bicycle"", ""quantity"": 3, ""size_value"": null, ""size_unit"": null, ""size_band"": null, ""details"": null}]",[],POVERTY,e0000000-0000-4000-8000-000000000001,cr0089,,4.59,2026-04-01 10:01:29
h090,HH-0090,i0396,Tammy Johnson,FEMALE_HEADED,3,3,0,0,0,1,2,kamuntu,jasiri,ndoto,pamoja,biluxu,13.4683,67.3967,96,34AB+73,20204 Stephen Extension,Sector 1,000396,KM,PERMANENT,TARPAULIN,BAMBOO,CEMENT,HOSTED,PIPED,36,PIT_LATRINE,SOLAR,OTHER,[],"[{""program_name"": ""PROG_HH_LIVELIHOOD"", ""program_start_date"": ""2024-01-14"", ""program_exit_date"": null}, {""program_name"": ""PROG_HH_SAFETY_NET"", ""program_start_date"": ""2024-07-12"", ""program_exit_date"": null}]",POVERTY,e0000000-0000-4000-8000-000000000001,cr0090,,4.25,2026-04-01 10:01:30
h091,HH-0091,i0399,Andrew Garcia,MALE_HEADED,3,3,0,0,0,1,2,kamuntu,jasiri,ndoto,habari,biluzo,12.4772,68.4943,260,24AB+84,02194 Steele Turnpike,Sector 4,000399,KM,PERMANENT,THATCH,BAMBOO,EARTH,HOSTED,PUBLIC_TAP,12,FLUSH_TOILET,SOLAR,CHARCOAL,"[{""asset_type"": ""VEHICLE"", ""asset_category"": ""Bicycle"", ""quantity"": 3, ""size_value"": null, ""size_unit"": null, ""size_band"": null, ""details"": null}, {""asset_type"": ""VEHICLE"", ""asset_category"": ""Car"", ""quantity"": 5, ""size_value"": null, ""size_unit"": null, ""size_band"": null, ""details"": null}, {""asset_type"": ""PRODUCTIVE"", ""asset_category"": ""Plough"", ""quantity"": 5, ""size_value"": null, ""size_unit"": null, ""size_band"": null, ""details"": ""{\""condition\"": \""working\""}""}, {""asset_type"": ""PRODUCTIVE"", ""asset_category"": ""Water Pump"", ""quantity"": 2, ""size_value"": null, ""size_unit"": null, ""size_band"": null, ""details"": null}]",[],POVERTY,e0000000-0000-4000-8000-000000000001,cr0091,,2.97,2026-04-01 10:01:31
h092,HH-0092,i0402,Mary Hill,FEMALE_HEADED,3,2,1,0,1,1,2,kamuntu,kilima,pembe,jumba,bevu,15.0448,71.0549,287,50AB+10,20054 Ryan Isle Suite 010,Sector 7,000402,KM,PERMANENT,METAL_SHEET,BAMBOO,CEMENT,RENTED,PUBLIC_TAP,44,FLUSH_TOILET,SOLAR,FIREWOOD,"[{""asset_type"": ""CONSUMER_DURABLE"", ""asset_category"": ""Radio"", ""quantity"": 4, ""size_value"": null, ""size_unit"": null, ""size_band"": null, ""details"": null}]","[{""program_name"": ""PROG_HH_NUTRITION"", ""program_start_date"": ""2025-12-05"", ""program_exit_date"": null}, {""program_name"": ""PROG_HH_LIVELIHOOD"", ""program_start_date"": ""2023-04-15"", ""program_exit_date"": null}]",POVERTY,e0000000-0000-4000-8000-000000000001,cr0092,,2.39,2026-04-01 10:01:32
h093,HH-0093,i0405,Samuel George Ellis,MALE_HEADED,3,2,0,1,0,1,2,kamuntu,chakula,makali,sura,biluqu,12.4972,66.4724,139,24AB+64,831 Vincent Overpass,Sector 1,000405,KM,PERMANENT,METAL_SHEET,BRICK,TILE,OWNED,PIPED,27,PIT_LATRINE,KEROSENE,FIREWOOD,[],[],POVERTY,e0000000-0000-4000-8000-000000000001,cr0093,,3.38,2026-04-01 10:01:33
h094,HH-0094,i0408,Justin Jessica Smith,MALE_HEADED,3,2,0,1,0,2,1,kamuntu,chakula,njia,wingu,bilufu,17.8295,67.8268,146,78AB+78,74279 Tiffany Mountain,Sector 4,000408,KM,PERMANENT,THATCH,STONE,EARTH,RENTED,WELL,8,SHARED,KEROSENE,GAS,"[{""asset_type"": ""CONSUMER_DURABLE"", ""asset_category"": ""Radio"", ""quantity"": 2, ""size_value"": null, ""size_unit"": null, ""size_band"": null, ""details"": ""{\""condition\"": \""working\""}""}, {""asset_type"": ""CONSUMER_DURABLE"", ""asset_category"": ""Television"", ""quantity"": 3, ""size_value"": null, ""size_unit"": null, ""size_band"": null, ""details"": null}, {""asset_type"": ""PRODUCTIVE"", ""asset_category"": ""Water Pump"", ""quantity"": 2, ""size_value"": null, ""size_unit"": null, ""size_band"": null, ""details"": null}]",[],POVERTY,e0000000-0000-4000-8000-000000000001,cr0094,,2.49,2026-04-01 10:01:34
h095,HH-0095,i0411,Amanda Richardson,FEMALE_HEADED,3,3,0,0,0,2,1,kamuntu,jasiri,simba,tanzu,biluta,14.7247,65.7529,135,47AB+57,81793 Luke Grove Suite 401,Sector 7,000411,KM,TEMPORARY,THATCH,BAMBOO,CEMENT,RENTED,SPRING,14,FLUSH_TOILET,SOLAR,CHARCOAL,[],"[{""program_name"": ""PROG_HH_SAFETY_NET"", ""program_start_date"": ""2024-09-07"", ""program_exit_date"": null}, {""program_name"": ""PROG_HH_LIVELIHOOD"", ""program_start_date"": ""2024-04-20"", ""program_exit_date"": null}]",POVERTY,e0000000-0000-4000-8000-000000000001,cr0095,,3.72,2026-04-01 10:01:35
h096,HH-0096,i0414,Joseph Burton,MALE_HEADED,3,3,0,0,0,1,2,kamuntu,chakula,rafiki,eneza,biluma,19.5307,70.5239,188,95AB+05,8275 Wallace Rue Apt. 431,Sector 1,000414,KM,TEMPORARY,TARPAULIN,BRICK,TILE,HOSTED,PIPED,42,PIT_LATRINE,SOLAR,OTHER,"[{""asset_type"": ""CONSUMER_DURABLE"", ""asset_category"": ""Television"", ""quantity"": 2, ""size_value"": null, ""size_unit"": null, ""size_band"": null, ""details"": ""{\""condition\"": \""working\""}""}, {""asset_type"": ""VEHICLE"", ""asset_category"": ""Bicycle"", ""quantity"": 2, ""size_value"": null, ""size_unit"": null, ""size_band"": null, ""details"": null}, {""asset_type"": ""PRODUCTIVE"", ""asset_category"": ""Plough"", ""quantity"": 3, ""size_value"": null, ""size_unit"": null, ""size_band"": null, ""details"": null}, {""asset_type"": ""PRODUCTIVE"", ""asset_category"": ""Plough"", ""quantity"": 2, ""size_value"": null, ""size_unit"": null, ""size_band"": null, ""details"": ""{\""condition\"": \""working\""}""}, {""asset_type"": ""CONSUMER_DURABLE"", ""asset_category"": ""Television"", ""quantity"": 1, ""size_value"": null, ""size_unit"": null, ""size_band"": null, ""details"": null}]",[],POVERTY,e0000000-0000-4000-8000-000000000001,cr0096,,3.51,2026-04-01 10:01:36
h097,HH-0097,i0417,Travis Eric Reilly,MALE_HEADED,3,2,1,0,1,1,2,kamuntu,kilima,nyani,pika,bilili,15.8302,70.8405,232,58AB+08,474 Lauren Stream Suite 517,Sector 4,000417,KM,SEMI_PERMANENT,TILE,BAMBOO,TILE,OWNED,WELL,29,FLUSH_TOILET,KEROSENE,CHARCOAL,"[{""asset_type"": ""CONSUMER_DURABLE"", ""asset_category"": ""Television"", ""quantity"": 2, ""size_value"": null, ""size_unit"": null, ""size_band"": null, ""details"": ""{\""condition\"": \""working\""}""}, {""asset_type"": ""VEHICLE"", ""asset_category"": ""Car"", ""quantity"": 3, ""size_value"": null, ""size_unit"": null, ""size_band"": null, ""details"": null}]",[],POVERTY,e0000000-0000-4000-8000-000000000001,cr0097,,1.55,2026-04-01 10:01:37
h098,HH-0098,i0420,Larry Hunt,MALE_HEADED,3,2,1,0,0,2,1,kamuntu,chakula,rafiki,nguvu,bilumu,10.7109,67.7457,274,07AB+77,6504 Bell Mission Apt. 376,Sector 7,000420,KM,SEMI_PERMANENT,THATCH,BAMBOO,EARTH,RENTED,SPRING,24,SHARED,SOLAR,CHARCOAL,[],"[{""program_name"": ""PROG_HH_NUTRITION"", ""program_start_date"": ""2025-12-28"", ""program_exit_date"": null}]",POVERTY,e0000000-0000-4000-8000-000000000001,cr0098,,2.7,2026-04-01 10:01:38
h099,HH-0099,i0423,Dylan Henry,MALE_HEADED,3,2,0,1,0,2,1,kamuntu,kilima,nyani,mbegu,bilixi,13.075,71.1192,282,30AB+11,478 Walker Turnpike Apt. 244,Sector 1,000423,KM,TEMPORARY,THATCH,MUD_BRICK,EARTH,RENTED,PIPED,27,FLUSH_TOILET,SOLAR,FIREWOOD,"[{""asset_type"": ""VEHICLE"", ""asset_category"": ""Bicycle"", ""quantity"": 3, ""size_value"": null, ""size_unit"": null, ""size_band"": null, ""details"": ""{\""condition\"": \""working\""}""}, {""asset_type"": ""CONSUMER_DURABLE"", ""asset_category"": ""Mobile Phone"", ""quantity"": 1, ""size_value"": null, ""size_unit"": null, ""size_band"": null, ""details"": null}, {""asset_type"": ""CONSUMER_DURABLE"", ""asset_category"": ""Mobile Phone"", ""quantity"": 1, ""size_value"": null, ""size_unit"": null, ""size_band"": null, ""details"": ""{\""condition\"": \""working\""}""}]","[{""program_name"": ""PROG_HH_NUTRITION"", ""program_start_date"": ""2024-07-15"", ""program_exit_date"": null}]",POVERTY,e0000000-0000-4000-8000-000000000001,cr0099,,1.14,2026-04-01 10:01:39
h100,HH-0100,i0426,Sherry Taylor,FEMALE_HEADED,3,3,0,0,1,2,1,kamuntu,chakula,rafiki,nguvu,bilumi,18.2423,71.2053,167,82AB+12,44818 Katie Falls Apt. 928,Sector 4,000426,KM,SEMI_PERMANENT,THATCH,BAMBOO,TILE,OWNED,WELL,40,PIT_LATRINE,KEROSENE,CHARCOAL,"[{""asset_type"": ""VEHICLE"", ""asset_category"": ""Car"", ""quantity"": 1, ""size_value"": null, ""size_unit"": null, ""size_band"": null, ""details"": ""{\""condition\"": \""working\""}""}, {""asset_type"": ""PRODUCTIVE"", ""asset_category"": ""Sewing Machine"", ""quantity"": 5, ""size_value"": null, ""size_unit"": null, ""size_band"": null, ""details"": null}, {""asset_type"": ""PRODUCTIVE"", ""asset_category"": ""Plough"", ""quantity"": 4, ""size_value"": null, ""size_unit"": null, ""size_band"": null, ""details"": ""{\""condition\"": \""working\""}""}, {""asset_type"": ""CONSUMER_DURABLE"", ""asset_category"": ""Mobile Phone"", ""quantity"": 3, ""size_value"": null, ""size_unit"": null, ""size_band"": null, ""details"": null}]","[{""program_name"": ""PROG_HH_LIVELIHOOD"", ""program_start_date"": ""2024-08-05"", ""program_exit_date"": null}, {""program_name"": ""PROG_HH_SAFETY_NET"", ""program_start_date"": ""2025-03-12"", ""program_exit_date"": null}]",POVERTY,e0000000-0000-4000-8000-000000000001,cr0100,,3.38,2026-04-01 10:01:40
